[2026-09-28 12:09:14] local.ERROR: SQLSTATE[42S01]: Base table or view already exists: 1050 La table 'categories' existe déjà (Connection: mysql, Host: 127.0.0.1, Port: 3306, Database: elaeis_prestige, SQL: create table `categories` (`id` bigint unsigned not null auto_increment primary key, `name` varchar(191) not null, `slug` varchar(191) not null, `description` text null, `image` varchar(191) null, `is_active` tinyint(1) not null default '1', `created_at` timestamp null, `updated_at` timestamp null) default character set utf8mb4 collate 'utf8mb4_unicode_ci' engine = InnoDB) {"exception":"[object] (Illuminate\\Database\\QueryException(code: 42S01): SQLSTATE[42S01]: Base table or view already exists: 1050 La table 'categories' existe déjà (Connection: mysql, Host: 127.0.0.1, Port: 3306, Database: elaeis_prestige, SQL: create table `categories` (`id` bigint unsigned not null auto_increment primary key, `name` varchar(191) not null, `slug` varchar(191) not null, `description` text null, `image` varchar(191) null, `is_active` tinyint(1) not null default '1', `created_at` timestamp null, `updated_at` timestamp null) default character set utf8mb4 collate 'utf8mb4_unicode_ci' engine = InnoDB) at C:/wamp64/www/elaeis-prestige/vendor/laravel/framework/src/Illuminate/Database/Connection.php:838)
[stacktrace]
#0 C:/wamp64/www/elaeis-prestige/vendor/laravel/framework/src/Illuminate/Database/Connection.php(794): Illuminate/Database/Connection->runQueryCallback('create table `c...', Array, Object(Closure))
#1 C:/wamp64/www/elaeis-prestige/vendor/laravel/framework/src/Illuminate/Database/Connection.php(573): Illuminate/Database/Connection->run('create table `c...', Array, Object(Closure))
#2 C:/wamp64/www/elaeis-prestige/vendor/laravel/framework/src/Illuminate/Database/Schema/Blueprint.php(121): Illuminate/Database/Connection->statement('create table `c...')
#3 C:/wamp64/www/elaeis-prestige/vendor/laravel/framework/src/Illuminate/Database/Schema/Builder.php(686): Illuminate/Database/Schema/Blueprint->build()
#4 C:/wamp64/www/elaeis-prestige/vendor/laravel/framework/src/Illuminate/Database/Schema/Builder.php(506): Illuminate/Database/Schema/Builder->build(Object(Illuminate/Database/Schema/Blueprint))
#5 C:/wamp64/www/elaeis-prestige/vendor/laravel/framework/src/Illuminate/Support/Facades/Facade.php(363): Illuminate/Database/Schema/Builder->create('categories', Object(Closure))
#6 C:/wamp64/www/elaeis-prestige/database/migrations/2024_01_01_000010_create_categories_table.php(11): Illuminate/Support/Facades/Facade::__callStatic('create', Array)
#7 C:/wamp64/www/elaeis-prestige/vendor/laravel/framework/src/Illuminate/Database/Migrations/Migrator.php(517): Illuminate/Database/Migrations/Migration@anonymous->up()
#8 C:/wamp64/www/elaeis-prestige/vendor/laravel/framework/src/Illuminate/Database/Migrations/Migrator.php(442): Illuminate/Database/Migrations/Migrator->runMethod(Object(Illuminate/Database/MySqlConnection), Object(Illuminate/Database/Migrations/Migration@anonymous), 'up')
#9 C:/wamp64/www/elaeis-prestige/vendor/laravel/framework/src/Illuminate/Database/Migrations/Migrator.php(451): Illuminate/Database/Migrations/Migrator->Illuminate/Database/Migrations/{closure}()
#10 C:/wamp64/www/elaeis-prestige/vendor/laravel/framework/src/Illuminate/Database/Migrations/Migrator.php(253): Illuminate/Database/Migrations/Migrator->runMigration(Object(Illuminate/Database/Migrations/Migration@anonymous), 'up')
#11 C:/wamp64/www/elaeis-prestige/vendor/laravel/framework/src/Illuminate/Console/View/Components/Task.php(41): Illuminate/Database/Migrations/Migrator->Illuminate/Database/Migrations/{closure}()
#12 C:/wamp64/www/elaeis-prestige/vendor/laravel/framework/src/Illuminate/Database/Migrations/Migrator.php(814): Illuminate/Console/View/Components/Task->render('2024_01_01_0000...', Object(Closure))
#13 C:/wamp64/www/elaeis-prestige/vendor/laravel/framework/src/Illuminate/Database/Migrations/Migrator.php(253): Illuminate/Database/Migrations/Migrator->write('Illuminate//Cons...', '2024_01_01_0000...', Object(Closure))
#14 C:/wamp64/www/elaeis-prestige/vendor/laravel/framework/src/Illuminate/Database/Migrations/Migrator.php(211): Illuminate/Database/Migrations/Migrator->runUp('C://wamp64//www//e...', 1, false)
#15 C:/wamp64/www/elaeis-prestige/vendor/laravel/framework/src/Illuminate/Database/Migrations/Migrator.php(138): Illuminate/Database/Migrations/Migrator->runPending(Array, Array)
#16 C:/wamp64/www/elaeis-prestige/vendor/laravel/framework/src/Illuminate/Database/Console/Migrations/MigrateCommand.php(116): Illuminate/Database/Migrations/Migrator->run(Array, Array)
#17 C:/wamp64/www/elaeis-prestige/vendor/laravel/framework/src/Illuminate/Database/Migrations/Migrator.php(671): Illuminate/Database/Console/Migrations/MigrateCommand->Illuminate/Database/Console/Migrations/{closure}()
#18 C:/wamp64/www/elaeis-prestige/vendor/laravel/framework/src/Illuminate/Database/Console/Migrations/MigrateCommand.php(109): Illuminate/Database/Migrations/Migrator->usingConnection(NULL, Object(Closure))
#19 C:/wamp64/www/elaeis-prestige/vendor/laravel/framework/src/Illuminate/Database/Console/Migrations/MigrateCommand.php(88): Illuminate/Database/Console/Migrations/MigrateCommand->runMigrations()
#20 C:/wamp64/www/elaeis-prestige/vendor/laravel/framework/src/Illuminate/Container/BoundMethod.php(36): Illuminate/Database/Console/Migrations/MigrateCommand->handle()
#21 C:/wamp64/www/elaeis-prestige/vendor/laravel/framework/src/Illuminate/Container/Util.php(43): Illuminate/Container/BoundMethod::Illuminate/Container/{closure}()
#22 C:/wamp64/www/elaeis-prestige/vendor/laravel/framework/src/Illuminate/Container/BoundMethod.php(96): Illuminate/Container/Util::unwrapIfClosure(Object(Closure))
#23 C:/wamp64/www/elaeis-prestige/vendor/laravel/framework/src/Illuminate/Container/BoundMethod.php(35): Illuminate/Container/BoundMethod::callBoundMethod(Object(Illuminate/Foundation/Application), Array, Object(Closure))
#24 C:/wamp64/www/elaeis-prestige/vendor/laravel/framework/src/Illuminate/Container/Container.php(799): Illuminate/Container/BoundMethod::call(Object(Illuminate/Foundation/Application), Array, Array, NULL)
#25 C:/wamp64/www/elaeis-prestige/vendor/laravel/framework/src/Illuminate/Console/Command.php(211): Illuminate/Container/Container->call(Array)
#26 C:/wamp64/www/elaeis-prestige/vendor/symfony/console/Command/Command.php(341): Illuminate/Console/Command->execute(Object(Symfony/Component/Console/Input/ArrayInput), Object(Illuminate/Console/OutputStyle))
#27 C:/wamp64/www/elaeis-prestige/vendor/laravel/framework/src/Illuminate/Console/Command.php(180): Symfony/Component/Console/Command/Command->run(Object(Symfony/Component/Console/Input/ArrayInput), Object(Illuminate/Console/OutputStyle))
#28 C:/wamp64/www/elaeis-prestige/vendor/laravel/framework/src/Illuminate/Console/Concerns/CallsCommands.php(68): Illuminate/Console/Command->run(Object(Symfony/Component/Console/Input/ArrayInput), Object(Illuminate/Console/OutputStyle))
#29 C:/wamp64/www/elaeis-prestige/vendor/laravel/framework/src/Illuminate/Console/Concerns/CallsCommands.php(29): Illuminate/Console/Command->runCommand('migrate', Array, Object(Illuminate/Console/OutputStyle))
#30 C:/wamp64/www/elaeis-prestige/vendor/laravel/framework/src/Illuminate/Database/Console/Migrations/FreshCommand.php(88): Illuminate/Console/Command->call('migrate', Array)
#31 C:/wamp64/www/elaeis-prestige/vendor/laravel/framework/src/Illuminate/Container/BoundMethod.php(36): Illuminate/Database/Console/Migrations/FreshCommand->handle()
#32 C:/wamp64/www/elaeis-prestige/vendor/laravel/framework/src/Illuminate/Container/Util.php(43): Illuminate/Container/BoundMethod::Illuminate/Container/{closure}()
#33 C:/wamp64/www/elaeis-prestige/vendor/laravel/framework/src/Illuminate/Container/BoundMethod.php(96): Illuminate/Container/Util::unwrapIfClosure(Object(Closure))
#34 C:/wamp64/www/elaeis-prestige/vendor/laravel/framework/src/Illuminate/Container/BoundMethod.php(35): Illuminate/Container/BoundMethod::callBoundMethod(Object(Illuminate/Foundation/Application), Array, Object(Closure))
#35 C:/wamp64/www/elaeis-prestige/vendor/laravel/framework/src/Illuminate/Container/Container.php(799): Illuminate/Container/BoundMethod::call(Object(Illuminate/Foundation/Application), Array, Array, NULL)
#36 C:/wamp64/www/elaeis-prestige/vendor/laravel/framework/src/Illuminate/Console/Command.php(211): Illuminate/Container/Container->call(Array)
#37 C:/wamp64/www/elaeis-prestige/vendor/symfony/console/Command/Command.php(341): Illuminate/Console/Command->execute(Object(Symfony/Component/Console/Input/ArgvInput), Object(Illuminate/Console/OutputStyle))
#38 C:/wamp64/www/elaeis-prestige/vendor/laravel/framework/src/Illuminate/Console/Command.php(180): Symfony/Component/Console/Command/Command->run(Object(Symfony/Component/Console/Input/ArgvInput), Object(Illuminate/Console/OutputStyle))
#39 C:/wamp64/www/elaeis-prestige/vendor/symfony/console/Application.php(1117): Illuminate/Console/Command->run(Object(Symfony/Component/Console/Input/ArgvInput), Object(Symfony/Component/Console/Output/ConsoleOutput))
#40 C:/wamp64/www/elaeis-prestige/vendor/symfony/console/Application.php(356): Symfony/Component/Console/Application->doRunCommand(Object(Illuminate/Database/Console/Migrations/FreshCommand), Object(Symfony/Component/Console/Input/ArgvInput), Object(Symfony/Component/Console/Output/ConsoleOutput))
#41 C:/wamp64/www/elaeis-prestige/vendor/symfony/console/Application.php(195): Symfony/Component/Console/Application->doRun(Object(Symfony/Component/Console/Input/ArgvInput), Object(Symfony/Component/Console/Output/ConsoleOutput))
#42 C:/wamp64/www/elaeis-prestige/vendor/laravel/framework/src/Illuminate/Foundation/Console/Kernel.php(198): Symfony/Component/Console/Application->run(Object(Symfony/Component/Console/Input/ArgvInput), Object(Symfony/Component/Console/Output/ConsoleOutput))
#43 C:/wamp64/www/elaeis-prestige/vendor/laravel/framework/src/Illuminate/Foundation/Application.php(1235): Illuminate/Foundation/Console/Kernel->handle(Object(Symfony/Component/Console/Input/ArgvInput), Object(Symfony/Component/Console/Output/ConsoleOutput))
#44 C:/wamp64/www/elaeis-prestige/artisan(16): Illuminate/Foundation/Application->handleCommand(Object(Symfony/Component/Console/Input/ArgvInput))
#45 {main}

[previous exception] [object] (PDOException(code: 42S01): SQLSTATE[42S01]: Base table or view already exists: 1050 La table 'categories' existe déjà at C:/wamp64/www/elaeis-prestige/vendor/laravel/framework/src/Illuminate/Database/Connection.php:584)
[stacktrace]
#0 C:/wamp64/www/elaeis-prestige/vendor/laravel/framework/src/Illuminate/Database/Connection.php(584): PDOStatement->execute()
#1 C:/wamp64/www/elaeis-prestige/vendor/laravel/framework/src/Illuminate/Database/Connection.php(827): Illuminate/Database/Connection->Illuminate/Database/{closure}('create table `c...', Array)
#2 C:/wamp64/www/elaeis-prestige/vendor/laravel/framework/src/Illuminate/Database/Connection.php(794): Illuminate/Database/Connection->runQueryCallback('create table `c...', Array, Object(Closure))
#3 C:/wamp64/www/elaeis-prestige/vendor/laravel/framework/src/Illuminate/Database/Connection.php(573): Illuminate/Database/Connection->run('create table `c...', Array, Object(Closure))
#4 C:/wamp64/www/elaeis-prestige/vendor/laravel/framework/src/Illuminate/Database/Schema/Blueprint.php(121): Illuminate/Database/Connection->statement('create table `c...')
#5 C:/wamp64/www/elaeis-prestige/vendor/laravel/framework/src/Illuminate/Database/Schema/Builder.php(686): Illuminate/Database/Schema/Blueprint->build()
#6 C:/wamp64/www/elaeis-prestige/vendor/laravel/framework/src/Illuminate/Database/Schema/Builder.php(506): Illuminate/Database/Schema/Builder->build(Object(Illuminate/Database/Schema/Blueprint))
#7 C:/wamp64/www/elaeis-prestige/vendor/laravel/framework/src/Illuminate/Support/Facades/Facade.php(363): Illuminate/Database/Schema/Builder->create('categories', Object(Closure))
#8 C:/wamp64/www/elaeis-prestige/database/migrations/2024_01_01_000010_create_categories_table.php(11): Illuminate/Support/Facades/Facade::__callStatic('create', Array)
#9 C:/wamp64/www/elaeis-prestige/vendor/laravel/framework/src/Illuminate/Database/Migrations/Migrator.php(517): Illuminate/Database/Migrations/Migration@anonymous->up()
#10 C:/wamp64/www/elaeis-prestige/vendor/laravel/framework/src/Illuminate/Database/Migrations/Migrator.php(442): Illuminate/Database/Migrations/Migrator->runMethod(Object(Illuminate/Database/MySqlConnection), Object(Illuminate/Database/Migrations/Migration@anonymous), 'up')
#11 C:/wamp64/www/elaeis-prestige/vendor/laravel/framework/src/Illuminate/Database/Migrations/Migrator.php(451): Illuminate/Database/Migrations/Migrator->Illuminate/Database/Migrations/{closure}()
#12 C:/wamp64/www/elaeis-prestige/vendor/laravel/framework/src/Illuminate/Database/Migrations/Migrator.php(253): Illuminate/Database/Migrations/Migrator->runMigration(Object(Illuminate/Database/Migrations/Migration@anonymous), 'up')
#13 C:/wamp64/www/elaeis-prestige/vendor/laravel/framework/src/Illuminate/Console/View/Components/Task.php(41): Illuminate/Database/Migrations/Migrator->Illuminate/Database/Migrations/{closure}()
#14 C:/wamp64/www/elaeis-prestige/vendor/laravel/framework/src/Illuminate/Database/Migrations/Migrator.php(814): Illuminate/Console/View/Components/Task->render('2024_01_01_0000...', Object(Closure))
#15 C:/wamp64/www/elaeis-prestige/vendor/laravel/framework/src/Illuminate/Database/Migrations/Migrator.php(253): Illuminate/Database/Migrations/Migrator->write('Illuminate//Cons...', '2024_01_01_0000...', Object(Closure))
#16 C:/wamp64/www/elaeis-prestige/vendor/laravel/framework/src/Illuminate/Database/Migrations/Migrator.php(211): Illuminate/Database/Migrations/Migrator->runUp('C://wamp64//www//e...', 1, false)
#17 C:/wamp64/www/elaeis-prestige/vendor/laravel/framework/src/Illuminate/Database/Migrations/Migrator.php(138): Illuminate/Database/Migrations/Migrator->runPending(Array, Array)
#18 C:/wamp64/www/elaeis-prestige/vendor/laravel/framework/src/Illuminate/Database/Console/Migrations/MigrateCommand.php(116): Illuminate/Database/Migrations/Migrator->run(Array, Array)
#19 C:/wamp64/www/elaeis-prestige/vendor/laravel/framework/src/Illuminate/Database/Migrations/Migrator.php(671): Illuminate/Database/Console/Migrations/MigrateCommand->Illuminate/Database/Console/Migrations/{closure}()
#20 C:/wamp64/www/elaeis-prestige/vendor/laravel/framework/src/Illuminate/Database/Console/Migrations/MigrateCommand.php(109): Illuminate/Database/Migrations/Migrator->usingConnection(NULL, Object(Closure))
#21 C:/wamp64/www/elaeis-prestige/vendor/laravel/framework/src/Illuminate/Database/Console/Migrations/MigrateCommand.php(88): Illuminate/Database/Console/Migrations/MigrateCommand->runMigrations()
#22 C:/wamp64/www/elaeis-prestige/vendor/laravel/framework/src/Illuminate/Container/BoundMethod.php(36): Illuminate/Database/Console/Migrations/MigrateCommand->handle()
#23 C:/wamp64/www/elaeis-prestige/vendor/laravel/framework/src/Illuminate/Container/Util.php(43): Illuminate/Container/BoundMethod::Illuminate/Container/{closure}()
#24 C:/wamp64/www/elaeis-prestige/vendor/laravel/framework/src/Illuminate/Container/BoundMethod.php(96): Illuminate/Container/Util::unwrapIfClosure(Object(Closure))
#25 C:/wamp64/www/elaeis-prestige/vendor/laravel/framework/src/Illuminate/Container/BoundMethod.php(35): Illuminate/Container/BoundMethod::callBoundMethod(Object(Illuminate/Foundation/Application), Array, Object(Closure))
#26 C:/wamp64/www/elaeis-prestige/vendor/laravel/framework/src/Illuminate/Container/Container.php(799): Illuminate/Container/BoundMethod::call(Object(Illuminate/Foundation/Application), Array, Array, NULL)
#27 C:/wamp64/www/elaeis-prestige/vendor/laravel/framework/src/Illuminate/Console/Command.php(211): Illuminate/Container/Container->call(Array)
#28 C:/wamp64/www/elaeis-prestige/vendor/symfony/console/Command/Command.php(341): Illuminate/Console/Command->execute(Object(Symfony/Component/Console/Input/ArrayInput), Object(Illuminate/Console/OutputStyle))
#29 C:/wamp64/www/elaeis-prestige/vendor/laravel/framework/src/Illuminate/Console/Command.php(180): Symfony/Component/Console/Command/Command->run(Object(Symfony/Component/Console/Input/ArrayInput), Object(Illuminate/Console/OutputStyle))
#30 C:/wamp64/www/elaeis-prestige/vendor/laravel/framework/src/Illuminate/Console/Concerns/CallsCommands.php(68): Illuminate/Console/Command->run(Object(Symfony/Component/Console/Input/ArrayInput), Object(Illuminate/Console/OutputStyle))
#31 C:/wamp64/www/elaeis-prestige/vendor/laravel/framework/src/Illuminate/Console/Concerns/CallsCommands.php(29): Illuminate/Console/Command->runCommand('migrate', Array, Object(Illuminate/Console/OutputStyle))
#32 C:/wamp64/www/elaeis-prestige/vendor/laravel/framework/src/Illuminate/Database/Console/Migrations/FreshCommand.php(88): Illuminate/Console/Command->call('migrate', Array)
#33 C:/wamp64/www/elaeis-prestige/vendor/laravel/framework/src/Illuminate/Container/BoundMethod.php(36): Illuminate/Database/Console/Migrations/FreshCommand->handle()
#34 C:/wamp64/www/elaeis-prestige/vendor/laravel/framework/src/Illuminate/Container/Util.php(43): Illuminate/Container/BoundMethod::Illuminate/Container/{closure}()
#35 C:/wamp64/www/elaeis-prestige/vendor/laravel/framework/src/Illuminate/Container/BoundMethod.php(96): Illuminate/Container/Util::unwrapIfClosure(Object(Closure))
#36 C:/wamp64/www/elaeis-prestige/vendor/laravel/framework/src/Illuminate/Container/BoundMethod.php(35): Illuminate/Container/BoundMethod::callBoundMethod(Object(Illuminate/Foundation/Application), Array, Object(Closure))
#37 C:/wamp64/www/elaeis-prestige/vendor/laravel/framework/src/Illuminate/Container/Container.php(799): Illuminate/Container/BoundMethod::call(Object(Illuminate/Foundation/Application), Array, Array, NULL)
#38 C:/wamp64/www/elaeis-prestige/vendor/laravel/framework/src/Illuminate/Console/Command.php(211): Illuminate/Container/Container->call(Array)
#39 C:/wamp64/www/elaeis-prestige/vendor/symfony/console/Command/Command.php(341): Illuminate/Console/Command->execute(Object(Symfony/Component/Console/Input/ArgvInput), Object(Illuminate/Console/OutputStyle))
#40 C:/wamp64/www/elaeis-prestige/vendor/laravel/framework/src/Illuminate/Console/Command.php(180): Symfony/Component/Console/Command/Command->run(Object(Symfony/Component/Console/Input/ArgvInput), Object(Illuminate/Console/OutputStyle))
#41 C:/wamp64/www/elaeis-prestige/vendor/symfony/console/Application.php(1117): Illuminate/Console/Command->run(Object(Symfony/Component/Console/Input/ArgvInput), Object(Symfony/Component/Console/Output/ConsoleOutput))
#42 C:/wamp64/www/elaeis-prestige/vendor/symfony/console/Application.php(356): Symfony/Component/Console/Application->doRunCommand(Object(Illuminate/Database/Console/Migrations/FreshCommand), Object(Symfony/Component/Console/Input/ArgvInput), Object(Symfony/Component/Console/Output/ConsoleOutput))
#43 C:/wamp64/www/elaeis-prestige/vendor/symfony/console/Application.php(195): Symfony/Component/Console/Application->doRun(Object(Symfony/Component/Console/Input/ArgvInput), Object(Symfony/Component/Console/Output/ConsoleOutput))
#44 C:/wamp64/www/elaeis-prestige/vendor/laravel/framework/src/Illuminate/Foundation/Console/Kernel.php(198): Symfony/Component/Console/Application->run(Object(Symfony/Component/Console/Input/ArgvInput), Object(Symfony/Component/Console/Output/ConsoleOutput))
#45 C:/wamp64/www/elaeis-prestige/vendor/laravel/framework/src/Illuminate/Foundation/Application.php(1235): Illuminate/Foundation/Console/Kernel->handle(Object(Symfony/Component/Console/Input/ArgvInput), Object(Symfony/Component/Console/Output/ConsoleOutput))
#46 C:/wamp64/www/elaeis-prestige/artisan(16): Illuminate/Foundation/Application->handleCommand(Object(Symfony/Component/Console/Input/ArgvInput))
#47 {main}
"} 
[2026-09-28 15:12:12] local.ERROR: Maximum execution time of 60 seconds exceeded {"exception":"[object] (Symfony\\Component\\ErrorHandler\\Error\\FatalError(code: 0): Maximum execution time of 60 seconds exceeded at C:/wamp64/www/elaeis-prestige/vendor/laravel/framework/src/Illuminate/Session/DatabaseSessionHandler.php:14)
[stacktrace]
#0 C:/wamp64/www/elaeis-prestige/vendor/laravel/framework/src/Illuminate/Foundation/Bootstrap/HandleExceptions.php(251): Symfony/Component/ErrorHandler/Error/FatalError->__construct(message: ''Maximum execut...', code: '0', error: '['type' => 1, '...', traceOffset: '0', traceArgs: '???', trace: '???')
#1 C:/wamp64/www/elaeis-prestige/vendor/laravel/framework/src/Illuminate/Foundation/Bootstrap/HandleExceptions.php(238): Illuminate/Foundation/Bootstrap/HandleExceptions->fatalErrorFromPhpError(error: '['type' => 1, '...', traceOffset: '0')
#2 C:/wamp64/www/elaeis-prestige/vendor/laravel/framework/src/Illuminate/Foundation/Bootstrap/HandleExceptions.php(262): Illuminate/Foundation/Bootstrap/HandleExceptions->handleShutdown()
#3 C:/wamp64/www/elaeis-prestige/vendor/laravel/framework/src/Illuminate/Foundation/Bootstrap/HandleExceptions.php(0): Illuminate/Foundation/Bootstrap/HandleExceptions->Illuminate/Foundation/Bootstrap/{closure:C:/wamp64/www/elaeis-prestige/vendor/laravel/framework/src/Illuminate/Foundation/Bootstrap/HandleExceptions.php:261-263}()
#4 C:/wamp64/www/elaeis-prestige/vendor/composer/ClassLoader.php(576): ()
#5 C:/wamp64/www/elaeis-prestige/vendor/composer/ClassLoader.php(427): Composer/Autoload/{closure:C:/wamp64/www/elaeis-prestige/vendor/composer/ClassLoader.php:575-577}(file: ''C:////wamp64////ww...')
#6 C:/wamp64/www/elaeis-prestige/vendor/laravel/framework/src/Illuminate/Session/SessionManager.php(94): Composer/Autoload/ClassLoader->loadClass(class: ''Illuminate////Se...')
#7 C:/wamp64/www/elaeis-prestige/vendor/laravel/framework/src/Illuminate/Support/Manager.php(101): Illuminate/Session/SessionManager->createDatabaseDriver()
#8 C:/wamp64/www/elaeis-prestige/vendor/laravel/framework/src/Illuminate/Support/Manager.php(78): Illuminate/Session/SessionManager->createDriver(driver: ''database'')
#9 C:/wamp64/www/elaeis-prestige/vendor/laravel/framework/src/Illuminate/Session/Middleware/StartSession.php(158): Illuminate/Session/SessionManager->driver(driver: '???')
#10 C:/wamp64/www/elaeis-prestige/vendor/laravel/framework/src/Illuminate/Session/Middleware/StartSession.php(56): Illuminate/Session/Middleware/StartSession->getSession(request: 'class Illuminat...')
#11 C:/wamp64/www/elaeis-prestige/vendor/laravel/framework/src/Illuminate/Pipeline/Pipeline.php(219): Illuminate/Session/Middleware/StartSession->handle(request: 'class Illuminat...', next: 'class Closure {...')
#12 C:/wamp64/www/elaeis-prestige/vendor/laravel/framework/src/Illuminate/Cookie/Middleware/AddQueuedCookiesToResponse.php(36): Illuminate/Routing/Pipeline->Illuminate/Pipeline/{closure:C:/wamp64/www/elaeis-prestige/vendor/laravel/framework/src/Illuminate/Pipeline/Pipeline.php:195-226}(passable: 'class Illuminat...')
#13 C:/wamp64/www/elaeis-prestige/vendor/laravel/framework/src/Illuminate/Pipeline/Pipeline.php(219): Illuminate/Cookie/Middleware/AddQueuedCookiesToResponse->handle(request: 'class Illuminat...', next: 'class Closure {...')
#14 C:/wamp64/www/elaeis-prestige/vendor/laravel/framework/src/Illuminate/Cookie/Middleware/EncryptCookies.php(74): Illuminate/Routing/Pipeline->Illuminate/Pipeline/{closure:C:/wamp64/www/elaeis-prestige/vendor/laravel/framework/src/Illuminate/Pipeline/Pipeline.php:195-226}(passable: 'class Illuminat...')
#15 C:/wamp64/www/elaeis-prestige/vendor/laravel/framework/src/Illuminate/Pipeline/Pipeline.php(219): Illuminate/Cookie/Middleware/EncryptCookies->handle(request: 'class Illuminat...', next: 'class Closure {...')
#16 C:/wamp64/www/elaeis-prestige/vendor/laravel/framework/src/Illuminate/Pipeline/Pipeline.php(137): Illuminate/Routing/Pipeline->Illuminate/Pipeline/{closure:C:/wamp64/www/elaeis-prestige/vendor/laravel/framework/src/Illuminate/Pipeline/Pipeline.php:195-226}(passable: 'class Illuminat...')
#17 C:/wamp64/www/elaeis-prestige/vendor/laravel/framework/src/Illuminate/Routing/Router.php(821): Illuminate/Routing/Pipeline->then(destination: 'class Closure {...')
#18 C:/wamp64/www/elaeis-prestige/vendor/laravel/framework/src/Illuminate/Routing/Router.php(800): Illuminate/Routing/Router->runRouteWithinStack(route: 'class Illuminat...', request: 'class Illuminat...')
#19 C:/wamp64/www/elaeis-prestige/vendor/laravel/framework/src/Illuminate/Routing/Router.php(764): Illuminate/Routing/Router->runRoute(request: 'class Illuminat...', route: 'class Illuminat...')
#20 C:/wamp64/www/elaeis-prestige/vendor/laravel/framework/src/Illuminate/Routing/Router.php(753): Illuminate/Routing/Router->dispatchToRoute(request: 'class Illuminat...')
#21 C:/wamp64/www/elaeis-prestige/vendor/laravel/framework/src/Illuminate/Foundation/Http/Kernel.php(200): Illuminate/Routing/Router->dispatch(request: 'class Illuminat...')
#22 C:/wamp64/www/elaeis-prestige/vendor/laravel/framework/src/Illuminate/Pipeline/Pipeline.php(180): Illuminate/Foundation/Http/Kernel->Illuminate/Foundation/Http/{closure:C:/wamp64/www/elaeis-prestige/vendor/laravel/framework/src/Illuminate/Foundation/Http/Kernel.php:197-201}(request: 'class Illuminat...')
#23 C:/wamp64/www/elaeis-prestige/vendor/livewire/livewire/src/Features/SupportDisablingBackButtonCache/DisableBackButtonCacheMiddleware.php(19): Illuminate/Routing/Pipeline->Illuminate/Pipeline/{closure:C:/wamp64/www/elaeis-prestige/vendor/laravel/framework/src/Illuminate/Pipeline/Pipeline.php:178-184}(passable: 'class Illuminat...')
#24 C:/wamp64/www/elaeis-prestige/vendor/laravel/framework/src/Illuminate/Pipeline/Pipeline.php(219): Livewire/Features/SupportDisablingBackButtonCache/DisableBackButtonCacheMiddleware->handle(request: 'class Illuminat...', next: 'class Closure {...')
#25 C:/wamp64/www/elaeis-prestige/vendor/laravel/framework/src/Illuminate/Foundation/Http/Middleware/TransformsRequest.php(21): Illuminate/Routing/Pipeline->Illuminate/Pipeline/{closure:C:/wamp64/www/elaeis-prestige/vendor/laravel/framework/src/Illuminate/Pipeline/Pipeline.php:195-226}(passable: 'class Illuminat...')
#26 C:/wamp64/www/elaeis-prestige/vendor/laravel/framework/src/Illuminate/Foundation/Http/Middleware/ConvertEmptyStringsToNull.php(31): Illuminate/Foundation/Http/Middleware/ConvertEmptyStringsToNull->handle(request: 'class Illuminat...', next: 'class Closure {...')
#27 C:/wamp64/www/elaeis-prestige/vendor/laravel/framework/src/Illuminate/Pipeline/Pipeline.php(219): Illuminate/Foundation/Http/Middleware/ConvertEmptyStringsToNull->handle(request: 'class Illuminat...', next: 'class Closure {...')
#28 C:/wamp64/www/elaeis-prestige/vendor/laravel/framework/src/Illuminate/Foundation/Http/Middleware/TransformsRequest.php(21): Illuminate/Routing/Pipeline->Illuminate/Pipeline/{closure:C:/wamp64/www/elaeis-prestige/vendor/laravel/framework/src/Illuminate/Pipeline/Pipeline.php:195-226}(passable: 'class Illuminat...')
#29 C:/wamp64/www/elaeis-prestige/vendor/laravel/framework/src/Illuminate/Foundation/Http/Middleware/TrimStrings.php(51): Illuminate/Foundation/Http/Middleware/TrimStrings->handle(request: 'class Illuminat...', next: 'class Closure {...')
#30 C:/wamp64/www/elaeis-prestige/vendor/laravel/framework/src/Illuminate/Pipeline/Pipeline.php(219): Illuminate/Foundation/Http/Middleware/TrimStrings->handle(request: 'class Illuminat...', next: 'class Closure {...')
#31 C:/wamp64/www/elaeis-prestige/vendor/laravel/framework/src/Illuminate/Http/Middleware/ValidatePostSize.php(27): Illuminate/Routing/Pipeline->Illuminate/Pipeline/{closure:C:/wamp64/www/elaeis-prestige/vendor/laravel/framework/src/Illuminate/Pipeline/Pipeline.php:195-226}(passable: 'class Illuminat...')
#32 C:/wamp64/www/elaeis-prestige/vendor/laravel/framework/src/Illuminate/Pipeline/Pipeline.php(219): Illuminate/Http/Middleware/ValidatePostSize->handle(request: 'class Illuminat...', next: 'class Closure {...')
#33 C:/wamp64/www/elaeis-prestige/vendor/laravel/framework/src/Illuminate/Foundation/Http/Middleware/PreventRequestsDuringMaintenance.php(109): Illuminate/Routing/Pipeline->Illuminate/Pipeline/{closure:C:/wamp64/www/elaeis-prestige/vendor/laravel/framework/src/Illuminate/Pipeline/Pipeline.php:195-226}(passable: 'class Illuminat...')
#34 C:/wamp64/www/elaeis-prestige/vendor/laravel/framework/src/Illuminate/Pipeline/Pipeline.php(219): Illuminate/Foundation/Http/Middleware/PreventRequestsDuringMaintenance->handle(request: 'class Illuminat...', next: 'class Closure {...')
#35 C:/wamp64/www/elaeis-prestige/vendor/laravel/framework/src/Illuminate/Http/Middleware/HandleCors.php(61): Illuminate/Routing/Pipeline->Illuminate/Pipeline/{closure:C:/wamp64/www/elaeis-prestige/vendor/laravel/framework/src/Illuminate/Pipeline/Pipeline.php:195-226}(passable: 'class Illuminat...')
#36 C:/wamp64/www/elaeis-prestige/vendor/laravel/framework/src/Illuminate/Pipeline/Pipeline.php(219): Illuminate/Http/Middleware/HandleCors->handle(request: 'class Illuminat...', next: 'class Closure {...')
#37 C:/wamp64/www/elaeis-prestige/vendor/laravel/framework/src/Illuminate/Http/Middleware/TrustProxies.php(58): Illuminate/Routing/Pipeline->Illuminate/Pipeline/{closure:C:/wamp64/www/elaeis-prestige/vendor/laravel/framework/src/Illuminate/Pipeline/Pipeline.php:195-226}(passable: 'class Illuminat...')
#38 C:/wamp64/www/elaeis-prestige/vendor/laravel/framework/src/Illuminate/Pipeline/Pipeline.php(219): Illuminate/Http/Middleware/TrustProxies->handle(request: 'class Illuminat...', next: 'class Closure {...')
#39 C:/wamp64/www/elaeis-prestige/vendor/laravel/framework/src/Illuminate/Foundation/Http/Middleware/InvokeDeferredCallbacks.php(22): Illuminate/Routing/Pipeline->Illuminate/Pipeline/{closure:C:/wamp64/www/elaeis-prestige/vendor/laravel/framework/src/Illuminate/Pipeline/Pipeline.php:195-226}(passable: 'class Illuminat...')
#40 C:/wamp64/www/elaeis-prestige/vendor/laravel/framework/src/Illuminate/Pipeline/Pipeline.php(219): Illuminate/Foundation/Http/Middleware/InvokeDeferredCallbacks->handle(request: 'class Illuminat...', next: 'class Closure {...')
#41 C:/wamp64/www/elaeis-prestige/vendor/laravel/framework/src/Illuminate/Http/Middleware/ValidatePathEncoding.php(26): Illuminate/Routing/Pipeline->Illuminate/Pipeline/{closure:C:/wamp64/www/elaeis-prestige/vendor/laravel/framework/src/Illuminate/Pipeline/Pipeline.php:195-226}(passable: 'class Illuminat...')
#42 C:/wamp64/www/elaeis-prestige/vendor/laravel/framework/src/Illuminate/Pipeline/Pipeline.php(219): Illuminate/Http/Middleware/ValidatePathEncoding->handle(request: 'class Illuminat...', next: 'class Closure {...')
#43 C:/wamp64/www/elaeis-prestige/vendor/laravel/framework/src/Illuminate/Pipeline/Pipeline.php(137): Illuminate/Routing/Pipeline->Illuminate/Pipeline/{closure:C:/wamp64/www/elaeis-prestige/vendor/laravel/framework/src/Illuminate/Pipeline/Pipeline.php:195-226}(passable: 'class Illuminat...')
#44 C:/wamp64/www/elaeis-prestige/vendor/laravel/framework/src/Illuminate/Foundation/Http/Kernel.php(175): Illuminate/Routing/Pipeline->then(destination: 'class Closure {...')
#45 C:/wamp64/www/elaeis-prestige/vendor/laravel/framework/src/Illuminate/Foundation/Http/Kernel.php(144): Illuminate/Foundation/Http/Kernel->sendRequestThroughRouter(request: 'class Illuminat...')
#46 C:/wamp64/www/elaeis-prestige/vendor/laravel/framework/src/Illuminate/Foundation/Application.php(1220): Illuminate/Foundation/Http/Kernel->handle(request: 'class Illuminat...')
#47 C:/wamp64/www/elaeis-prestige/public/index.php(20): Illuminate/Foundation/Application->handleRequest(request: 'class Illuminat...')
#48 C:/wamp64/www/elaeis-prestige/vendor/laravel/framework/src/Illuminate/Foundation/resources/server.php(23): ()
#49 C:/wamp64/www/elaeis-prestige/vendor/laravel/framework/src/Illuminate/Foundation/resources/server.php(0): {main}()
#50 {main}
"} 
[2026-09-29 05:06:55] local.ERROR: Maximum execution time of 60 seconds exceeded {"exception":"[object] (Symfony\\Component\\ErrorHandler\\Error\\FatalError(code: 0): Maximum execution time of 60 seconds exceeded at C:/wamp64/www/elaeis-prestige/vendor/laravel/framework/src/Illuminate/Database/Connectors/MySqlConnector.php:32)
[stacktrace]
#0 C:/wamp64/www/elaeis-prestige/vendor/laravel/framework/src/Illuminate/Foundation/Bootstrap/HandleExceptions.php(251): Symfony/Component/ErrorHandler/Error/FatalError->__construct(message: ''Maximum execut...', code: '0', error: '['type' => 1, '...', traceOffset: '0', traceArgs: '???', trace: '???')
#1 C:/wamp64/www/elaeis-prestige/vendor/laravel/framework/src/Illuminate/Foundation/Bootstrap/HandleExceptions.php(238): Illuminate/Foundation/Bootstrap/HandleExceptions->fatalErrorFromPhpError(error: '['type' => 1, '...', traceOffset: '0')
#2 C:/wamp64/www/elaeis-prestige/vendor/laravel/framework/src/Illuminate/Foundation/Bootstrap/HandleExceptions.php(262): Illuminate/Foundation/Bootstrap/HandleExceptions->handleShutdown()
#3 C:/wamp64/www/elaeis-prestige/vendor/laravel/framework/src/Illuminate/Foundation/Bootstrap/HandleExceptions.php(0): Illuminate/Foundation/Bootstrap/HandleExceptions->Illuminate/Foundation/Bootstrap/{closure:C:/wamp64/www/elaeis-prestige/vendor/laravel/framework/src/Illuminate/Foundation/Bootstrap/HandleExceptions.php:261-263}()
#4 C:/wamp64/www/elaeis-prestige/vendor/laravel/framework/src/Illuminate/Database/Connectors/ConnectionFactory.php(186): Illuminate/Database/Connectors/MySqlConnector->connect(config: '['driver' => 'm...')
#5 C:/wamp64/www/elaeis-prestige/vendor/laravel/framework/src/Illuminate/Database/Connection.php(1257): Illuminate/Database/Connectors/ConnectionFactory->Illuminate/Database/Connectors/{closure:C:/wamp64/www/elaeis-prestige/vendor/laravel/framework/src/Illuminate/Database/Connectors/ConnectionFactory.php:181-195}()
#6 C:/wamp64/www/elaeis-prestige/vendor/laravel/framework/src/Illuminate/Database/Connection.php(1257): call_user_func:{C:/wamp64/www/elaeis-prestige/vendor/laravel/framework/src/Illuminate/Database/Connection.php:1257}(callback: 'class Closure {...')
#7 C:/wamp64/www/elaeis-prestige/vendor/laravel/framework/src/Illuminate/Database/Connection.php(525): Illuminate/Database/MySqlConnection->getPdo()
#8 C:/wamp64/www/elaeis-prestige/vendor/laravel/framework/src/Illuminate/Database/Connection.php(420): Illuminate/Database/MySqlConnection->getPdoForSelect(useReadPdo: 'FALSE')
#9 C:/wamp64/www/elaeis-prestige/vendor/laravel/framework/src/Illuminate/Database/Connection.php(827): Illuminate/Database/MySqlConnection->Illuminate/Database/{closure:C:/wamp64/www/elaeis-prestige/vendor/laravel/framework/src/Illuminate/Database/Connection.php:411-428}(query: ''select * from ...', bindings: '[0 => 'ixTxxyiP...')
#10 C:/wamp64/www/elaeis-prestige/vendor/laravel/framework/src/Illuminate/Database/Connection.php(794): Illuminate/Database/MySqlConnection->runQueryCallback(query: ''select * from ...', bindings: '[0 => 'ixTxxyiP...', callback: 'class Closure {...')
#11 C:/wamp64/www/elaeis-prestige/vendor/laravel/framework/src/Illuminate/Database/Connection.php(411): Illuminate/Database/MySqlConnection->run(query: ''select * from ...', bindings: '[0 => 'ixTxxyiP...', callback: 'class Closure {...')
#12 C:/wamp64/www/elaeis-prestige/vendor/laravel/framework/src/Illuminate/Database/Query/Builder.php(3505): Illuminate/Database/MySqlConnection->select(query: ''select * from ...', bindings: '[0 => 'ixTxxyiP...', useReadPdo: 'FALSE')
#13 C:/wamp64/www/elaeis-prestige/vendor/laravel/framework/src/Illuminate/Database/Query/Builder.php(3490): Illuminate/Database/Query/Builder->runSelect()
#14 C:/wamp64/www/elaeis-prestige/vendor/laravel/framework/src/Illuminate/Database/Query/Builder.php(4080): Illuminate/Database/Query/Builder->Illuminate/Database/Query/{closure:C:/wamp64/www/elaeis-prestige/vendor/laravel/framework/src/Illuminate/Database/Query/Builder.php:3489-3491}()
#15 C:/wamp64/www/elaeis-prestige/vendor/laravel/framework/src/Illuminate/Database/Query/Builder.php(3489): Illuminate/Database/Query/Builder->onceWithColumns(columns: '[0 => '*']', callback: 'class Closure {...')
#16 C:/wamp64/www/elaeis-prestige/vendor/laravel/framework/src/Illuminate/Database/Concerns/BuildsQueries.php(366): Illuminate/Database/Query/Builder->get(columns: '[0 => '*']')
#17 C:/wamp64/www/elaeis-prestige/vendor/laravel/framework/src/Illuminate/Database/Query/Builder.php(3412): Illuminate/Database/Query/Builder->first(columns: '[0 => '*']')
#18 C:/wamp64/www/elaeis-prestige/vendor/laravel/framework/src/Illuminate/Session/DatabaseSessionHandler.php(96): Illuminate/Database/Query/Builder->find(id: ''ixTxxyiPcHXdBT...', columns: '???')
#19 C:/wamp64/www/elaeis-prestige/vendor/laravel/framework/src/Illuminate/Session/Store.php(128): Illuminate/Session/DatabaseSessionHandler->read(sessionId: ''ixTxxyiPcHXdBT...')
#20 C:/wamp64/www/elaeis-prestige/vendor/laravel/framework/src/Illuminate/Session/Store.php(116): Illuminate/Session/Store->readFromHandler()
#21 C:/wamp64/www/elaeis-prestige/vendor/laravel/framework/src/Illuminate/Session/Store.php(100): Illuminate/Session/Store->loadSession()
#22 C:/wamp64/www/elaeis-prestige/vendor/laravel/framework/src/Illuminate/Session/Middleware/StartSession.php(146): Illuminate/Session/Store->start()
#23 C:/wamp64/www/elaeis-prestige/vendor/laravel/framework/src/Illuminate/Support/helpers.php(393): Illuminate/Session/Middleware/StartSession->Illuminate/Session/Middleware/{closure:C:/wamp64/www/elaeis-prestige/vendor/laravel/framework/src/Illuminate/Session/Middleware/StartSession.php:143-147}(session: 'class Illuminat...')
#24 C:/wamp64/www/elaeis-prestige/vendor/laravel/framework/src/Illuminate/Session/Middleware/StartSession.php(143): tap(value: 'class Illuminat...', callback: 'class Closure {...')
#25 C:/wamp64/www/elaeis-prestige/vendor/laravel/framework/src/Illuminate/Session/Middleware/StartSession.php(115): Illuminate/Session/Middleware/StartSession->startSession(request: 'class Illuminat...', session: 'class Illuminat...')
#26 C:/wamp64/www/elaeis-prestige/vendor/laravel/framework/src/Illuminate/Session/Middleware/StartSession.php(63): Illuminate/Session/Middleware/StartSession->handleStatefulRequest(request: 'class Illuminat...', session: 'class Illuminat...', next: 'class Closure {...')
#27 C:/wamp64/www/elaeis-prestige/vendor/laravel/framework/src/Illuminate/Pipeline/Pipeline.php(219): Illuminate/Session/Middleware/StartSession->handle(request: 'class Illuminat...', next: 'class Closure {...')
#28 C:/wamp64/www/elaeis-prestige/vendor/laravel/framework/src/Illuminate/Cookie/Middleware/AddQueuedCookiesToResponse.php(36): Illuminate/Routing/Pipeline->Illuminate/Pipeline/{closure:C:/wamp64/www/elaeis-prestige/vendor/laravel/framework/src/Illuminate/Pipeline/Pipeline.php:195-226}(passable: 'class Illuminat...')
#29 C:/wamp64/www/elaeis-prestige/vendor/laravel/framework/src/Illuminate/Pipeline/Pipeline.php(219): Illuminate/Cookie/Middleware/AddQueuedCookiesToResponse->handle(request: 'class Illuminat...', next: 'class Closure {...')
#30 C:/wamp64/www/elaeis-prestige/vendor/laravel/framework/src/Illuminate/Cookie/Middleware/EncryptCookies.php(74): Illuminate/Routing/Pipeline->Illuminate/Pipeline/{closure:C:/wamp64/www/elaeis-prestige/vendor/laravel/framework/src/Illuminate/Pipeline/Pipeline.php:195-226}(passable: 'class Illuminat...')
#31 C:/wamp64/www/elaeis-prestige/vendor/laravel/framework/src/Illuminate/Pipeline/Pipeline.php(219): Illuminate/Cookie/Middleware/EncryptCookies->handle(request: 'class Illuminat...', next: 'class Closure {...')
#32 C:/wamp64/www/elaeis-prestige/vendor/laravel/framework/src/Illuminate/Pipeline/Pipeline.php(137): Illuminate/Routing/Pipeline->Illuminate/Pipeline/{closure:C:/wamp64/www/elaeis-prestige/vendor/laravel/framework/src/Illuminate/Pipeline/Pipeline.php:195-226}(passable: 'class Illuminat...')
#33 C:/wamp64/www/elaeis-prestige/vendor/laravel/framework/src/Illuminate/Routing/Router.php(821): Illuminate/Routing/Pipeline->then(destination: 'class Closure {...')
#34 C:/wamp64/www/elaeis-prestige/vendor/laravel/framework/src/Illuminate/Routing/Router.php(800): Illuminate/Routing/Router->runRouteWithinStack(route: 'class Illuminat...', request: 'class Illuminat...')
#35 C:/wamp64/www/elaeis-prestige/vendor/laravel/framework/src/Illuminate/Routing/Router.php(764): Illuminate/Routing/Router->runRoute(request: 'class Illuminat...', route: 'class Illuminat...')
#36 C:/wamp64/www/elaeis-prestige/vendor/laravel/framework/src/Illuminate/Routing/Router.php(753): Illuminate/Routing/Router->dispatchToRoute(request: 'class Illuminat...')
#37 C:/wamp64/www/elaeis-prestige/vendor/laravel/framework/src/Illuminate/Foundation/Http/Kernel.php(200): Illuminate/Routing/Router->dispatch(request: 'class Illuminat...')
#38 C:/wamp64/www/elaeis-prestige/vendor/laravel/framework/src/Illuminate/Pipeline/Pipeline.php(180): Illuminate/Foundation/Http/Kernel->Illuminate/Foundation/Http/{closure:C:/wamp64/www/elaeis-prestige/vendor/laravel/framework/src/Illuminate/Foundation/Http/Kernel.php:197-201}(request: 'class Illuminat...')
#39 C:/wamp64/www/elaeis-prestige/vendor/livewire/livewire/src/Features/SupportDisablingBackButtonCache/DisableBackButtonCacheMiddleware.php(19): Illuminate/Routing/Pipeline->Illuminate/Pipeline/{closure:C:/wamp64/www/elaeis-prestige/vendor/laravel/framework/src/Illuminate/Pipeline/Pipeline.php:178-184}(passable: 'class Illuminat...')
#40 C:/wamp64/www/elaeis-prestige/vendor/laravel/framework/src/Illuminate/Pipeline/Pipeline.php(219): Livewire/Features/SupportDisablingBackButtonCache/DisableBackButtonCacheMiddleware->handle(request: 'class Illuminat...', next: 'class Closure {...')
#41 C:/wamp64/www/elaeis-prestige/vendor/laravel/framework/src/Illuminate/Foundation/Http/Middleware/TransformsRequest.php(21): Illuminate/Routing/Pipeline->Illuminate/Pipeline/{closure:C:/wamp64/www/elaeis-prestige/vendor/laravel/framework/src/Illuminate/Pipeline/Pipeline.php:195-226}(passable: 'class Illuminat...')
#42 C:/wamp64/www/elaeis-prestige/vendor/laravel/framework/src/Illuminate/Foundation/Http/Middleware/ConvertEmptyStringsToNull.php(31): Illuminate/Foundation/Http/Middleware/ConvertEmptyStringsToNull->handle(request: 'class Illuminat...', next: 'class Closure {...')
#43 C:/wamp64/www/elaeis-prestige/vendor/laravel/framework/src/Illuminate/Pipeline/Pipeline.php(219): Illuminate/Foundation/Http/Middleware/ConvertEmptyStringsToNull->handle(request: 'class Illuminat...', next: 'class Closure {...')
#44 C:/wamp64/www/elaeis-prestige/vendor/laravel/framework/src/Illuminate/Foundation/Http/Middleware/TransformsRequest.php(21): Illuminate/Routing/Pipeline->Illuminate/Pipeline/{closure:C:/wamp64/www/elaeis-prestige/vendor/laravel/framework/src/Illuminate/Pipeline/Pipeline.php:195-226}(passable: 'class Illuminat...')
#45 C:/wamp64/www/elaeis-prestige/vendor/laravel/framework/src/Illuminate/Foundation/Http/Middleware/TrimStrings.php(51): Illuminate/Foundation/Http/Middleware/TrimStrings->handle(request: 'class Illuminat...', next: 'class Closure {...')
#46 C:/wamp64/www/elaeis-prestige/vendor/laravel/framework/src/Illuminate/Pipeline/Pipeline.php(219): Illuminate/Foundation/Http/Middleware/TrimStrings->handle(request: 'class Illuminat...', next: 'class Closure {...')
#47 C:/wamp64/www/elaeis-prestige/vendor/laravel/framework/src/Illuminate/Http/Middleware/ValidatePostSize.php(27): Illuminate/Routing/Pipeline->Illuminate/Pipeline/{closure:C:/wamp64/www/elaeis-prestige/vendor/laravel/framework/src/Illuminate/Pipeline/Pipeline.php:195-226}(passable: 'class Illuminat...')
#48 C:/wamp64/www/elaeis-prestige/vendor/laravel/framework/src/Illuminate/Pipeline/Pipeline.php(219): Illuminate/Http/Middleware/ValidatePostSize->handle(request: 'class Illuminat...', next: 'class Closure {...')
#49 C:/wamp64/www/elaeis-prestige/vendor/laravel/framework/src/Illuminate/Foundation/Http/Middleware/PreventRequestsDuringMaintenance.php(109): Illuminate/Routing/Pipeline->Illuminate/Pipeline/{closure:C:/wamp64/www/elaeis-prestige/vendor/laravel/framework/src/Illuminate/Pipeline/Pipeline.php:195-226}(passable: 'class Illuminat...')
#50 C:/wamp64/www/elaeis-prestige/vendor/laravel/framework/src/Illuminate/Pipeline/Pipeline.php(219): Illuminate/Foundation/Http/Middleware/PreventRequestsDuringMaintenance->handle(request: 'class Illuminat...', next: 'class Closure {...')
#51 C:/wamp64/www/elaeis-prestige/vendor/laravel/framework/src/Illuminate/Http/Middleware/HandleCors.php(61): Illuminate/Routing/Pipeline->Illuminate/Pipeline/{closure:C:/wamp64/www/elaeis-prestige/vendor/laravel/framework/src/Illuminate/Pipeline/Pipeline.php:195-226}(passable: 'class Illuminat...')
#52 C:/wamp64/www/elaeis-prestige/vendor/laravel/framework/src/Illuminate/Pipeline/Pipeline.php(219): Illuminate/Http/Middleware/HandleCors->handle(request: 'class Illuminat...', next: 'class Closure {...')
#53 C:/wamp64/www/elaeis-prestige/vendor/laravel/framework/src/Illuminate/Http/Middleware/TrustProxies.php(58): Illuminate/Routing/Pipeline->Illuminate/Pipeline/{closure:C:/wamp64/www/elaeis-prestige/vendor/laravel/framework/src/Illuminate/Pipeline/Pipeline.php:195-226}(passable: 'class Illuminat...')
#54 C:/wamp64/www/elaeis-prestige/vendor/laravel/framework/src/Illuminate/Pipeline/Pipeline.php(219): Illuminate/Http/Middleware/TrustProxies->handle(request: 'class Illuminat...', next: 'class Closure {...')
#55 C:/wamp64/www/elaeis-prestige/vendor/laravel/framework/src/Illuminate/Foundation/Http/Middleware/InvokeDeferredCallbacks.php(22): Illuminate/Routing/Pipeline->Illuminate/Pipeline/{closure:C:/wamp64/www/elaeis-prestige/vendor/laravel/framework/src/Illuminate/Pipeline/Pipeline.php:195-226}(passable: 'class Illuminat...')
#56 C:/wamp64/www/elaeis-prestige/vendor/laravel/framework/src/Illuminate/Pipeline/Pipeline.php(219): Illuminate/Foundation/Http/Middleware/InvokeDeferredCallbacks->handle(request: 'class Illuminat...', next: 'class Closure {...')
#57 C:/wamp64/www/elaeis-prestige/vendor/laravel/framework/src/Illuminate/Http/Middleware/ValidatePathEncoding.php(26): Illuminate/Routing/Pipeline->Illuminate/Pipeline/{closure:C:/wamp64/www/elaeis-prestige/vendor/laravel/framework/src/Illuminate/Pipeline/Pipeline.php:195-226}(passable: 'class Illuminat...')
#58 C:/wamp64/www/elaeis-prestige/vendor/laravel/framework/src/Illuminate/Pipeline/Pipeline.php(219): Illuminate/Http/Middleware/ValidatePathEncoding->handle(request: 'class Illuminat...', next: 'class Closure {...')
#59 C:/wamp64/www/elaeis-prestige/vendor/laravel/framework/src/Illuminate/Pipeline/Pipeline.php(137): Illuminate/Routing/Pipeline->Illuminate/Pipeline/{closure:C:/wamp64/www/elaeis-prestige/vendor/laravel/framework/src/Illuminate/Pipeline/Pipeline.php:195-226}(passable: 'class Illuminat...')
#60 C:/wamp64/www/elaeis-prestige/vendor/laravel/framework/src/Illuminate/Foundation/Http/Kernel.php(175): Illuminate/Routing/Pipeline->then(destination: 'class Closure {...')
#61 C:/wamp64/www/elaeis-prestige/vendor/laravel/framework/src/Illuminate/Foundation/Http/Kernel.php(144): Illuminate/Foundation/Http/Kernel->sendRequestThroughRouter(request: 'class Illuminat...')
#62 C:/wamp64/www/elaeis-prestige/vendor/laravel/framework/src/Illuminate/Foundation/Application.php(1220): Illuminate/Foundation/Http/Kernel->handle(request: 'class Illuminat...')
#63 C:/wamp64/www/elaeis-prestige/public/index.php(20): Illuminate/Foundation/Application->handleRequest(request: 'class Illuminat...')
#64 C:/wamp64/www/elaeis-prestige/vendor/laravel/framework/src/Illuminate/Foundation/resources/server.php(23): ()
#65 C:/wamp64/www/elaeis-prestige/vendor/laravel/framework/src/Illuminate/Foundation/resources/server.php(0): {main}()
#66 {main}
"} 
[2026-09-29 05:08:13] local.ERROR: View [layouts.app] not found. {"exception":"[object] (Spatie\\LaravelIgnition\\Exceptions\\ViewException(code: 0): View [layouts.app] not found. at C:/wamp64/www/elaeis-prestige/vendor/laravel/framework/src/Illuminate/View/FileViewFinder.php:138)
[stacktrace]
#0 C:/wamp64/www/elaeis-prestige/vendor/laravel/framework/src/Illuminate/View/FileViewFinder.php(78): Illuminate/View/FileViewFinder->findInPaths('layouts.app', Array)
#1 C:/wamp64/www/elaeis-prestige/vendor/laravel/framework/src/Illuminate/View/Factory.php(150): Illuminate/View/FileViewFinder->find('layouts.app')
#2 C:/wamp64/www/elaeis-prestige/resources/views/pages/home.blade.php(213): Illuminate/View/Factory->make('layouts.app', Array)
#3 C:/wamp64/www/elaeis-prestige/vendor/laravel/framework/src/Illuminate/Filesystem/Filesystem.php(123): require('C://wamp64//www//e...')
#4 C:/wamp64/www/elaeis-prestige/vendor/laravel/framework/src/Illuminate/Filesystem/Filesystem.php(124): Illuminate/Filesystem/Filesystem::Illuminate/Filesystem/{closure}()
#5 C:/wamp64/www/elaeis-prestige/vendor/laravel/framework/src/Illuminate/View/Engines/PhpEngine.php(57): Illuminate/Filesystem/Filesystem->getRequire('C://wamp64//www//e...', Array)
#6 C:/wamp64/www/elaeis-prestige/vendor/livewire/livewire/src/Mechanisms/ExtendBlade/ExtendedCompilerEngine.php(22): Illuminate/View/Engines/PhpEngine->evaluatePath('C://wamp64//www//e...', Array)
#7 C:/wamp64/www/elaeis-prestige/vendor/laravel/framework/src/Illuminate/View/Engines/CompilerEngine.php(76): Livewire/Mechanisms/ExtendBlade/ExtendedCompilerEngine->evaluatePath('C://wamp64//www//e...', Array)
#8 C:/wamp64/www/elaeis-prestige/vendor/livewire/livewire/src/Mechanisms/ExtendBlade/ExtendedCompilerEngine.php(10): Illuminate/View/Engines/CompilerEngine->get('C://wamp64//www//e...', Array)
#9 C:/wamp64/www/elaeis-prestige/vendor/laravel/framework/src/Illuminate/View/View.php(208): Livewire/Mechanisms/ExtendBlade/ExtendedCompilerEngine->get('C://wamp64//www//e...', Array)
#10 C:/wamp64/www/elaeis-prestige/vendor/laravel/framework/src/Illuminate/View/View.php(191): Illuminate/View/View->getContents()
#11 C:/wamp64/www/elaeis-prestige/vendor/laravel/framework/src/Illuminate/View/View.php(160): Illuminate/View/View->renderContents()
#12 C:/wamp64/www/elaeis-prestige/vendor/laravel/framework/src/Illuminate/Http/Response.php(78): Illuminate/View/View->render()
#13 C:/wamp64/www/elaeis-prestige/vendor/laravel/framework/src/Illuminate/Http/Response.php(34): Illuminate/Http/Response->setContent(Object(Illuminate/View/View))
#14 C:/wamp64/www/elaeis-prestige/vendor/laravel/framework/src/Illuminate/Routing/Router.php(939): Illuminate/Http/Response->__construct(Object(Illuminate/View/View), 200, Array)
#15 C:/wamp64/www/elaeis-prestige/vendor/laravel/framework/src/Illuminate/Routing/Router.php(906): Illuminate/Routing/Router::toResponse(Object(Illuminate/Http/Request), Object(Illuminate/View/View))
#16 C:/wamp64/www/elaeis-prestige/vendor/laravel/framework/src/Illuminate/Routing/Router.php(821): Illuminate/Routing/Router->prepareResponse(Object(Illuminate/Http/Request), Object(Illuminate/View/View))
#17 C:/wamp64/www/elaeis-prestige/vendor/laravel/framework/src/Illuminate/Pipeline/Pipeline.php(180): Illuminate/Routing/Router->Illuminate/Routing/{closure}(Object(Illuminate/Http/Request))
#18 C:/wamp64/www/elaeis-prestige/vendor/laravel/framework/src/Illuminate/Routing/Middleware/SubstituteBindings.php(50): Illuminate/Pipeline/Pipeline->Illuminate/Pipeline/{closure}(Object(Illuminate/Http/Request))
#19 C:/wamp64/www/elaeis-prestige/vendor/laravel/framework/src/Illuminate/Pipeline/Pipeline.php(219): Illuminate/Routing/Middleware/SubstituteBindings->handle(Object(Illuminate/Http/Request), Object(Closure))
#20 C:/wamp64/www/elaeis-prestige/vendor/laravel/framework/src/Illuminate/Foundation/Http/Middleware/VerifyCsrfToken.php(87): Illuminate/Pipeline/Pipeline->Illuminate/Pipeline/{closure}(Object(Illuminate/Http/Request))
#21 C:/wamp64/www/elaeis-prestige/vendor/laravel/framework/src/Illuminate/Pipeline/Pipeline.php(219): Illuminate/Foundation/Http/Middleware/VerifyCsrfToken->handle(Object(Illuminate/Http/Request), Object(Closure))
#22 C:/wamp64/www/elaeis-prestige/vendor/laravel/framework/src/Illuminate/View/Middleware/ShareErrorsFromSession.php(48): Illuminate/Pipeline/Pipeline->Illuminate/Pipeline/{closure}(Object(Illuminate/Http/Request))
#23 C:/wamp64/www/elaeis-prestige/vendor/laravel/framework/src/Illuminate/Pipeline/Pipeline.php(219): Illuminate/View/Middleware/ShareErrorsFromSession->handle(Object(Illuminate/Http/Request), Object(Closure))
#24 C:/wamp64/www/elaeis-prestige/vendor/laravel/framework/src/Illuminate/Session/Middleware/StartSession.php(120): Illuminate/Pipeline/Pipeline->Illuminate/Pipeline/{closure}(Object(Illuminate/Http/Request))
#25 C:/wamp64/www/elaeis-prestige/vendor/laravel/framework/src/Illuminate/Session/Middleware/StartSession.php(63): Illuminate/Session/Middleware/StartSession->handleStatefulRequest(Object(Illuminate/Http/Request), Object(Illuminate/Session/Store), Object(Closure))
#26 C:/wamp64/www/elaeis-prestige/vendor/laravel/framework/src/Illuminate/Pipeline/Pipeline.php(219): Illuminate/Session/Middleware/StartSession->handle(Object(Illuminate/Http/Request), Object(Closure))
#27 C:/wamp64/www/elaeis-prestige/vendor/laravel/framework/src/Illuminate/Cookie/Middleware/AddQueuedCookiesToResponse.php(36): Illuminate/Pipeline/Pipeline->Illuminate/Pipeline/{closure}(Object(Illuminate/Http/Request))
#28 C:/wamp64/www/elaeis-prestige/vendor/laravel/framework/src/Illuminate/Pipeline/Pipeline.php(219): Illuminate/Cookie/Middleware/AddQueuedCookiesToResponse->handle(Object(Illuminate/Http/Request), Object(Closure))
#29 C:/wamp64/www/elaeis-prestige/vendor/laravel/framework/src/Illuminate/Cookie/Middleware/EncryptCookies.php(74): Illuminate/Pipeline/Pipeline->Illuminate/Pipeline/{closure}(Object(Illuminate/Http/Request))
#30 C:/wamp64/www/elaeis-prestige/vendor/laravel/framework/src/Illuminate/Pipeline/Pipeline.php(219): Illuminate/Cookie/Middleware/EncryptCookies->handle(Object(Illuminate/Http/Request), Object(Closure))
#31 C:/wamp64/www/elaeis-prestige/vendor/laravel/framework/src/Illuminate/Pipeline/Pipeline.php(137): Illuminate/Pipeline/Pipeline->Illuminate/Pipeline/{closure}(Object(Illuminate/Http/Request))
#32 C:/wamp64/www/elaeis-prestige/vendor/laravel/framework/src/Illuminate/Routing/Router.php(821): Illuminate/Pipeline/Pipeline->then(Object(Closure))
#33 C:/wamp64/www/elaeis-prestige/vendor/laravel/framework/src/Illuminate/Routing/Router.php(800): Illuminate/Routing/Router->runRouteWithinStack(Object(Illuminate/Routing/Route), Object(Illuminate/Http/Request))
#34 C:/wamp64/www/elaeis-prestige/vendor/laravel/framework/src/Illuminate/Routing/Router.php(764): Illuminate/Routing/Router->runRoute(Object(Illuminate/Http/Request), Object(Illuminate/Routing/Route))
#35 C:/wamp64/www/elaeis-prestige/vendor/laravel/framework/src/Illuminate/Routing/Router.php(753): Illuminate/Routing/Router->dispatchToRoute(Object(Illuminate/Http/Request))
#36 C:/wamp64/www/elaeis-prestige/vendor/laravel/framework/src/Illuminate/Foundation/Http/Kernel.php(200): Illuminate/Routing/Router->dispatch(Object(Illuminate/Http/Request))
#37 C:/wamp64/www/elaeis-prestige/vendor/laravel/framework/src/Illuminate/Pipeline/Pipeline.php(180): Illuminate/Foundation/Http/Kernel->Illuminate/Foundation/Http/{closure}(Object(Illuminate/Http/Request))
#38 C:/wamp64/www/elaeis-prestige/vendor/livewire/livewire/src/Features/SupportDisablingBackButtonCache/DisableBackButtonCacheMiddleware.php(19): Illuminate/Pipeline/Pipeline->Illuminate/Pipeline/{closure}(Object(Illuminate/Http/Request))
#39 C:/wamp64/www/elaeis-prestige/vendor/laravel/framework/src/Illuminate/Pipeline/Pipeline.php(219): Livewire/Features/SupportDisablingBackButtonCache/DisableBackButtonCacheMiddleware->handle(Object(Illuminate/Http/Request), Object(Closure))
#40 C:/wamp64/www/elaeis-prestige/vendor/laravel/framework/src/Illuminate/Foundation/Http/Middleware/TransformsRequest.php(21): Illuminate/Pipeline/Pipeline->Illuminate/Pipeline/{closure}(Object(Illuminate/Http/Request))
#41 C:/wamp64/www/elaeis-prestige/vendor/laravel/framework/src/Illuminate/Foundation/Http/Middleware/ConvertEmptyStringsToNull.php(31): Illuminate/Foundation/Http/Middleware/TransformsRequest->handle(Object(Illuminate/Http/Request), Object(Closure))
#42 C:/wamp64/www/elaeis-prestige/vendor/laravel/framework/src/Illuminate/Pipeline/Pipeline.php(219): Illuminate/Foundation/Http/Middleware/ConvertEmptyStringsToNull->handle(Object(Illuminate/Http/Request), Object(Closure))
#43 C:/wamp64/www/elaeis-prestige/vendor/laravel/framework/src/Illuminate/Foundation/Http/Middleware/TransformsRequest.php(21): Illuminate/Pipeline/Pipeline->Illuminate/Pipeline/{closure}(Object(Illuminate/Http/Request))
#44 C:/wamp64/www/elaeis-prestige/vendor/laravel/framework/src/Illuminate/Foundation/Http/Middleware/TrimStrings.php(51): Illuminate/Foundation/Http/Middleware/TransformsRequest->handle(Object(Illuminate/Http/Request), Object(Closure))
#45 C:/wamp64/www/elaeis-prestige/vendor/laravel/framework/src/Illuminate/Pipeline/Pipeline.php(219): Illuminate/Foundation/Http/Middleware/TrimStrings->handle(Object(Illuminate/Http/Request), Object(Closure))
#46 C:/wamp64/www/elaeis-prestige/vendor/laravel/framework/src/Illuminate/Http/Middleware/ValidatePostSize.php(27): Illuminate/Pipeline/Pipeline->Illuminate/Pipeline/{closure}(Object(Illuminate/Http/Request))
#47 C:/wamp64/www/elaeis-prestige/vendor/laravel/framework/src/Illuminate/Pipeline/Pipeline.php(219): Illuminate/Http/Middleware/ValidatePostSize->handle(Object(Illuminate/Http/Request), Object(Closure))
#48 C:/wamp64/www/elaeis-prestige/vendor/laravel/framework/src/Illuminate/Foundation/Http/Middleware/PreventRequestsDuringMaintenance.php(109): Illuminate/Pipeline/Pipeline->Illuminate/Pipeline/{closure}(Object(Illuminate/Http/Request))
#49 C:/wamp64/www/elaeis-prestige/vendor/laravel/framework/src/Illuminate/Pipeline/Pipeline.php(219): Illuminate/Foundation/Http/Middleware/PreventRequestsDuringMaintenance->handle(Object(Illuminate/Http/Request), Object(Closure))
#50 C:/wamp64/www/elaeis-prestige/vendor/laravel/framework/src/Illuminate/Http/Middleware/HandleCors.php(61): Illuminate/Pipeline/Pipeline->Illuminate/Pipeline/{closure}(Object(Illuminate/Http/Request))
#51 C:/wamp64/www/elaeis-prestige/vendor/laravel/framework/src/Illuminate/Pipeline/Pipeline.php(219): Illuminate/Http/Middleware/HandleCors->handle(Object(Illuminate/Http/Request), Object(Closure))
#52 C:/wamp64/www/elaeis-prestige/vendor/laravel/framework/src/Illuminate/Http/Middleware/TrustProxies.php(58): Illuminate/Pipeline/Pipeline->Illuminate/Pipeline/{closure}(Object(Illuminate/Http/Request))
#53 C:/wamp64/www/elaeis-prestige/vendor/laravel/framework/src/Illuminate/Pipeline/Pipeline.php(219): Illuminate/Http/Middleware/TrustProxies->handle(Object(Illuminate/Http/Request), Object(Closure))
#54 C:/wamp64/www/elaeis-prestige/vendor/laravel/framework/src/Illuminate/Foundation/Http/Middleware/InvokeDeferredCallbacks.php(22): Illuminate/Pipeline/Pipeline->Illuminate/Pipeline/{closure}(Object(Illuminate/Http/Request))
#55 C:/wamp64/www/elaeis-prestige/vendor/laravel/framework/src/Illuminate/Pipeline/Pipeline.php(219): Illuminate/Foundation/Http/Middleware/InvokeDeferredCallbacks->handle(Object(Illuminate/Http/Request), Object(Closure))
#56 C:/wamp64/www/elaeis-prestige/vendor/laravel/framework/src/Illuminate/Http/Middleware/ValidatePathEncoding.php(26): Illuminate/Pipeline/Pipeline->Illuminate/Pipeline/{closure}(Object(Illuminate/Http/Request))
#57 C:/wamp64/www/elaeis-prestige/vendor/laravel/framework/src/Illuminate/Pipeline/Pipeline.php(219): Illuminate/Http/Middleware/ValidatePathEncoding->handle(Object(Illuminate/Http/Request), Object(Closure))
#58 C:/wamp64/www/elaeis-prestige/vendor/laravel/framework/src/Illuminate/Pipeline/Pipeline.php(137): Illuminate/Pipeline/Pipeline->Illuminate/Pipeline/{closure}(Object(Illuminate/Http/Request))
#59 C:/wamp64/www/elaeis-prestige/vendor/laravel/framework/src/Illuminate/Foundation/Http/Kernel.php(175): Illuminate/Pipeline/Pipeline->then(Object(Closure))
#60 C:/wamp64/www/elaeis-prestige/vendor/laravel/framework/src/Illuminate/Foundation/Http/Kernel.php(144): Illuminate/Foundation/Http/Kernel->sendRequestThroughRouter(Object(Illuminate/Http/Request))
#61 C:/wamp64/www/elaeis-prestige/vendor/laravel/framework/src/Illuminate/Foundation/Application.php(1220): Illuminate/Foundation/Http/Kernel->handle(Object(Illuminate/Http/Request))
#62 C:/wamp64/www/elaeis-prestige/public/index.php(20): Illuminate/Foundation/Application->handleRequest(Object(Illuminate/Http/Request))
#63 C:/wamp64/www/elaeis-prestige/vendor/laravel/framework/src/Illuminate/Foundation/resources/server.php(23): require_once('C://wamp64//www//e...')
#64 {main}

[previous exception] [object] (InvalidArgumentException(code: 0): View [layouts.app] not found. at C:/wamp64/www/elaeis-prestige/vendor/laravel/framework/src/Illuminate/View/FileViewFinder.php:138)
[stacktrace]
#0 C:/wamp64/www/elaeis-prestige/vendor/laravel/framework/src/Illuminate/View/FileViewFinder.php(78): Illuminate/View/FileViewFinder->findInPaths('layouts.app', Array)
#1 C:/wamp64/www/elaeis-prestige/vendor/laravel/framework/src/Illuminate/View/Factory.php(150): Illuminate/View/FileViewFinder->find('layouts.app')
#2 C:/wamp64/www/elaeis-prestige/storage/framework/views/c83668ac81ce8ecd30983a60031b0700.php(233): Illuminate/View/Factory->make('layouts.app', Array)
#3 C:/wamp64/www/elaeis-prestige/vendor/laravel/framework/src/Illuminate/Filesystem/Filesystem.php(123): require('C://wamp64//www//e...')
#4 C:/wamp64/www/elaeis-prestige/vendor/laravel/framework/src/Illuminate/Filesystem/Filesystem.php(124): Illuminate/Filesystem/Filesystem::Illuminate/Filesystem/{closure}()
#5 C:/wamp64/www/elaeis-prestige/vendor/laravel/framework/src/Illuminate/View/Engines/PhpEngine.php(57): Illuminate/Filesystem/Filesystem->getRequire('C://wamp64//www//e...', Array)
#6 C:/wamp64/www/elaeis-prestige/vendor/livewire/livewire/src/Mechanisms/ExtendBlade/ExtendedCompilerEngine.php(22): Illuminate/View/Engines/PhpEngine->evaluatePath('C://wamp64//www//e...', Array)
#7 C:/wamp64/www/elaeis-prestige/vendor/laravel/framework/src/Illuminate/View/Engines/CompilerEngine.php(76): Livewire/Mechanisms/ExtendBlade/ExtendedCompilerEngine->evaluatePath('C://wamp64//www//e...', Array)
#8 C:/wamp64/www/elaeis-prestige/vendor/livewire/livewire/src/Mechanisms/ExtendBlade/ExtendedCompilerEngine.php(10): Illuminate/View/Engines/CompilerEngine->get('C://wamp64//www//e...', Array)
#9 C:/wamp64/www/elaeis-prestige/vendor/laravel/framework/src/Illuminate/View/View.php(208): Livewire/Mechanisms/ExtendBlade/ExtendedCompilerEngine->get('C://wamp64//www//e...', Array)
#10 C:/wamp64/www/elaeis-prestige/vendor/laravel/framework/src/Illuminate/View/View.php(191): Illuminate/View/View->getContents()
#11 C:/wamp64/www/elaeis-prestige/vendor/laravel/framework/src/Illuminate/View/View.php(160): Illuminate/View/View->renderContents()
#12 C:/wamp64/www/elaeis-prestige/vendor/laravel/framework/src/Illuminate/Http/Response.php(78): Illuminate/View/View->render()
#13 C:/wamp64/www/elaeis-prestige/vendor/laravel/framework/src/Illuminate/Http/Response.php(34): Illuminate/Http/Response->setContent(Object(Illuminate/View/View))
#14 C:/wamp64/www/elaeis-prestige/vendor/laravel/framework/src/Illuminate/Routing/Router.php(939): Illuminate/Http/Response->__construct(Object(Illuminate/View/View), 200, Array)
#15 C:/wamp64/www/elaeis-prestige/vendor/laravel/framework/src/Illuminate/Routing/Router.php(906): Illuminate/Routing/Router::toResponse(Object(Illuminate/Http/Request), Object(Illuminate/View/View))
#16 C:/wamp64/www/elaeis-prestige/vendor/laravel/framework/src/Illuminate/Routing/Router.php(821): Illuminate/Routing/Router->prepareResponse(Object(Illuminate/Http/Request), Object(Illuminate/View/View))
#17 C:/wamp64/www/elaeis-prestige/vendor/laravel/framework/src/Illuminate/Pipeline/Pipeline.php(180): Illuminate/Routing/Router->Illuminate/Routing/{closure}(Object(Illuminate/Http/Request))
#18 C:/wamp64/www/elaeis-prestige/vendor/laravel/framework/src/Illuminate/Routing/Middleware/SubstituteBindings.php(50): Illuminate/Pipeline/Pipeline->Illuminate/Pipeline/{closure}(Object(Illuminate/Http/Request))
#19 C:/wamp64/www/elaeis-prestige/vendor/laravel/framework/src/Illuminate/Pipeline/Pipeline.php(219): Illuminate/Routing/Middleware/SubstituteBindings->handle(Object(Illuminate/Http/Request), Object(Closure))
#20 C:/wamp64/www/elaeis-prestige/vendor/laravel/framework/src/Illuminate/Foundation/Http/Middleware/VerifyCsrfToken.php(87): Illuminate/Pipeline/Pipeline->Illuminate/Pipeline/{closure}(Object(Illuminate/Http/Request))
#21 C:/wamp64/www/elaeis-prestige/vendor/laravel/framework/src/Illuminate/Pipeline/Pipeline.php(219): Illuminate/Foundation/Http/Middleware/VerifyCsrfToken->handle(Object(Illuminate/Http/Request), Object(Closure))
#22 C:/wamp64/www/elaeis-prestige/vendor/laravel/framework/src/Illuminate/View/Middleware/ShareErrorsFromSession.php(48): Illuminate/Pipeline/Pipeline->Illuminate/Pipeline/{closure}(Object(Illuminate/Http/Request))
#23 C:/wamp64/www/elaeis-prestige/vendor/laravel/framework/src/Illuminate/Pipeline/Pipeline.php(219): Illuminate/View/Middleware/ShareErrorsFromSession->handle(Object(Illuminate/Http/Request), Object(Closure))
#24 C:/wamp64/www/elaeis-prestige/vendor/laravel/framework/src/Illuminate/Session/Middleware/StartSession.php(120): Illuminate/Pipeline/Pipeline->Illuminate/Pipeline/{closure}(Object(Illuminate/Http/Request))
#25 C:/wamp64/www/elaeis-prestige/vendor/laravel/framework/src/Illuminate/Session/Middleware/StartSession.php(63): Illuminate/Session/Middleware/StartSession->handleStatefulRequest(Object(Illuminate/Http/Request), Object(Illuminate/Session/Store), Object(Closure))
#26 C:/wamp64/www/elaeis-prestige/vendor/laravel/framework/src/Illuminate/Pipeline/Pipeline.php(219): Illuminate/Session/Middleware/StartSession->handle(Object(Illuminate/Http/Request), Object(Closure))
#27 C:/wamp64/www/elaeis-prestige/vendor/laravel/framework/src/Illuminate/Cookie/Middleware/AddQueuedCookiesToResponse.php(36): Illuminate/Pipeline/Pipeline->Illuminate/Pipeline/{closure}(Object(Illuminate/Http/Request))
#28 C:/wamp64/www/elaeis-prestige/vendor/laravel/framework/src/Illuminate/Pipeline/Pipeline.php(219): Illuminate/Cookie/Middleware/AddQueuedCookiesToResponse->handle(Object(Illuminate/Http/Request), Object(Closure))
#29 C:/wamp64/www/elaeis-prestige/vendor/laravel/framework/src/Illuminate/Cookie/Middleware/EncryptCookies.php(74): Illuminate/Pipeline/Pipeline->Illuminate/Pipeline/{closure}(Object(Illuminate/Http/Request))
#30 C:/wamp64/www/elaeis-prestige/vendor/laravel/framework/src/Illuminate/Pipeline/Pipeline.php(219): Illuminate/Cookie/Middleware/EncryptCookies->handle(Object(Illuminate/Http/Request), Object(Closure))
#31 C:/wamp64/www/elaeis-prestige/vendor/laravel/framework/src/Illuminate/Pipeline/Pipeline.php(137): Illuminate/Pipeline/Pipeline->Illuminate/Pipeline/{closure}(Object(Illuminate/Http/Request))
#32 C:/wamp64/www/elaeis-prestige/vendor/laravel/framework/src/Illuminate/Routing/Router.php(821): Illuminate/Pipeline/Pipeline->then(Object(Closure))
#33 C:/wamp64/www/elaeis-prestige/vendor/laravel/framework/src/Illuminate/Routing/Router.php(800): Illuminate/Routing/Router->runRouteWithinStack(Object(Illuminate/Routing/Route), Object(Illuminate/Http/Request))
#34 C:/wamp64/www/elaeis-prestige/vendor/laravel/framework/src/Illuminate/Routing/Router.php(764): Illuminate/Routing/Router->runRoute(Object(Illuminate/Http/Request), Object(Illuminate/Routing/Route))
#35 C:/wamp64/www/elaeis-prestige/vendor/laravel/framework/src/Illuminate/Routing/Router.php(753): Illuminate/Routing/Router->dispatchToRoute(Object(Illuminate/Http/Request))
#36 C:/wamp64/www/elaeis-prestige/vendor/laravel/framework/src/Illuminate/Foundation/Http/Kernel.php(200): Illuminate/Routing/Router->dispatch(Object(Illuminate/Http/Request))
#37 C:/wamp64/www/elaeis-prestige/vendor/laravel/framework/src/Illuminate/Pipeline/Pipeline.php(180): Illuminate/Foundation/Http/Kernel->Illuminate/Foundation/Http/{closure}(Object(Illuminate/Http/Request))
#38 C:/wamp64/www/elaeis-prestige/vendor/livewire/livewire/src/Features/SupportDisablingBackButtonCache/DisableBackButtonCacheMiddleware.php(19): Illuminate/Pipeline/Pipeline->Illuminate/Pipeline/{closure}(Object(Illuminate/Http/Request))
#39 C:/wamp64/www/elaeis-prestige/vendor/laravel/framework/src/Illuminate/Pipeline/Pipeline.php(219): Livewire/Features/SupportDisablingBackButtonCache/DisableBackButtonCacheMiddleware->handle(Object(Illuminate/Http/Request), Object(Closure))
#40 C:/wamp64/www/elaeis-prestige/vendor/laravel/framework/src/Illuminate/Foundation/Http/Middleware/TransformsRequest.php(21): Illuminate/Pipeline/Pipeline->Illuminate/Pipeline/{closure}(Object(Illuminate/Http/Request))
#41 C:/wamp64/www/elaeis-prestige/vendor/laravel/framework/src/Illuminate/Foundation/Http/Middleware/ConvertEmptyStringsToNull.php(31): Illuminate/Foundation/Http/Middleware/TransformsRequest->handle(Object(Illuminate/Http/Request), Object(Closure))
#42 C:/wamp64/www/elaeis-prestige/vendor/laravel/framework/src/Illuminate/Pipeline/Pipeline.php(219): Illuminate/Foundation/Http/Middleware/ConvertEmptyStringsToNull->handle(Object(Illuminate/Http/Request), Object(Closure))
#43 C:/wamp64/www/elaeis-prestige/vendor/laravel/framework/src/Illuminate/Foundation/Http/Middleware/TransformsRequest.php(21): Illuminate/Pipeline/Pipeline->Illuminate/Pipeline/{closure}(Object(Illuminate/Http/Request))
#44 C:/wamp64/www/elaeis-prestige/vendor/laravel/framework/src/Illuminate/Foundation/Http/Middleware/TrimStrings.php(51): Illuminate/Foundation/Http/Middleware/TransformsRequest->handle(Object(Illuminate/Http/Request), Object(Closure))
#45 C:/wamp64/www/elaeis-prestige/vendor/laravel/framework/src/Illuminate/Pipeline/Pipeline.php(219): Illuminate/Foundation/Http/Middleware/TrimStrings->handle(Object(Illuminate/Http/Request), Object(Closure))
#46 C:/wamp64/www/elaeis-prestige/vendor/laravel/framework/src/Illuminate/Http/Middleware/ValidatePostSize.php(27): Illuminate/Pipeline/Pipeline->Illuminate/Pipeline/{closure}(Object(Illuminate/Http/Request))
#47 C:/wamp64/www/elaeis-prestige/vendor/laravel/framework/src/Illuminate/Pipeline/Pipeline.php(219): Illuminate/Http/Middleware/ValidatePostSize->handle(Object(Illuminate/Http/Request), Object(Closure))
#48 C:/wamp64/www/elaeis-prestige/vendor/laravel/framework/src/Illuminate/Foundation/Http/Middleware/PreventRequestsDuringMaintenance.php(109): Illuminate/Pipeline/Pipeline->Illuminate/Pipeline/{closure}(Object(Illuminate/Http/Request))
#49 C:/wamp64/www/elaeis-prestige/vendor/laravel/framework/src/Illuminate/Pipeline/Pipeline.php(219): Illuminate/Foundation/Http/Middleware/PreventRequestsDuringMaintenance->handle(Object(Illuminate/Http/Request), Object(Closure))
#50 C:/wamp64/www/elaeis-prestige/vendor/laravel/framework/src/Illuminate/Http/Middleware/HandleCors.php(61): Illuminate/Pipeline/Pipeline->Illuminate/Pipeline/{closure}(Object(Illuminate/Http/Request))
#51 C:/wamp64/www/elaeis-prestige/vendor/laravel/framework/src/Illuminate/Pipeline/Pipeline.php(219): Illuminate/Http/Middleware/HandleCors->handle(Object(Illuminate/Http/Request), Object(Closure))
#52 C:/wamp64/www/elaeis-prestige/vendor/laravel/framework/src/Illuminate/Http/Middleware/TrustProxies.php(58): Illuminate/Pipeline/Pipeline->Illuminate/Pipeline/{closure}(Object(Illuminate/Http/Request))
#53 C:/wamp64/www/elaeis-prestige/vendor/laravel/framework/src/Illuminate/Pipeline/Pipeline.php(219): Illuminate/Http/Middleware/TrustProxies->handle(Object(Illuminate/Http/Request), Object(Closure))
#54 C:/wamp64/www/elaeis-prestige/vendor/laravel/framework/src/Illuminate/Foundation/Http/Middleware/InvokeDeferredCallbacks.php(22): Illuminate/Pipeline/Pipeline->Illuminate/Pipeline/{closure}(Object(Illuminate/Http/Request))
#55 C:/wamp64/www/elaeis-prestige/vendor/laravel/framework/src/Illuminate/Pipeline/Pipeline.php(219): Illuminate/Foundation/Http/Middleware/InvokeDeferredCallbacks->handle(Object(Illuminate/Http/Request), Object(Closure))
#56 C:/wamp64/www/elaeis-prestige/vendor/laravel/framework/src/Illuminate/Http/Middleware/ValidatePathEncoding.php(26): Illuminate/Pipeline/Pipeline->Illuminate/Pipeline/{closure}(Object(Illuminate/Http/Request))
#57 C:/wamp64/www/elaeis-prestige/vendor/laravel/framework/src/Illuminate/Pipeline/Pipeline.php(219): Illuminate/Http/Middleware/ValidatePathEncoding->handle(Object(Illuminate/Http/Request), Object(Closure))
#58 C:/wamp64/www/elaeis-prestige/vendor/laravel/framework/src/Illuminate/Pipeline/Pipeline.php(137): Illuminate/Pipeline/Pipeline->Illuminate/Pipeline/{closure}(Object(Illuminate/Http/Request))
#59 C:/wamp64/www/elaeis-prestige/vendor/laravel/framework/src/Illuminate/Foundation/Http/Kernel.php(175): Illuminate/Pipeline/Pipeline->then(Object(Closure))
#60 C:/wamp64/www/elaeis-prestige/vendor/laravel/framework/src/Illuminate/Foundation/Http/Kernel.php(144): Illuminate/Foundation/Http/Kernel->sendRequestThroughRouter(Object(Illuminate/Http/Request))
#61 C:/wamp64/www/elaeis-prestige/vendor/laravel/framework/src/Illuminate/Foundation/Application.php(1220): Illuminate/Foundation/Http/Kernel->handle(Object(Illuminate/Http/Request))
#62 C:/wamp64/www/elaeis-prestige/public/index.php(20): Illuminate/Foundation/Application->handleRequest(Object(Illuminate/Http/Request))
#63 C:/wamp64/www/elaeis-prestige/vendor/laravel/framework/src/Illuminate/Foundation/resources/server.php(23): require_once('C://wamp64//www//e...')
#64 {main}
"} 
[2026-09-29 05:30:04] local.ERROR: Maximum execution time of 60 seconds exceeded {"exception":"[object] (Symfony\\Component\\ErrorHandler\\Error\\FatalError(code: 0): Maximum execution time of 60 seconds exceeded at C:/wamp64/www/elaeis-prestige/storage/framework/views/c83668ac81ce8ecd30983a60031b0700.php:1)
[stacktrace]
#0 C:/wamp64/www/elaeis-prestige/vendor/laravel/framework/src/Illuminate/Foundation/Bootstrap/HandleExceptions.php(251): Symfony/Component/ErrorHandler/Error/FatalError->__construct(message: ''Maximum execut...', code: '0', error: '['type' => 1, '...', traceOffset: '0', traceArgs: '???', trace: '???')
#1 C:/wamp64/www/elaeis-prestige/vendor/laravel/framework/src/Illuminate/Foundation/Bootstrap/HandleExceptions.php(238): Illuminate/Foundation/Bootstrap/HandleExceptions->fatalErrorFromPhpError(error: '['type' => 1, '...', traceOffset: '0')
#2 C:/wamp64/www/elaeis-prestige/vendor/laravel/framework/src/Illuminate/Foundation/Bootstrap/HandleExceptions.php(262): Illuminate/Foundation/Bootstrap/HandleExceptions->handleShutdown()
#3 C:/wamp64/www/elaeis-prestige/vendor/laravel/framework/src/Illuminate/Foundation/Bootstrap/HandleExceptions.php(0): Illuminate/Foundation/Bootstrap/HandleExceptions->Illuminate/Foundation/Bootstrap/{closure:C:/wamp64/www/elaeis-prestige/vendor/laravel/framework/src/Illuminate/Foundation/Bootstrap/HandleExceptions.php:261-263}()
#4 C:/wamp64/www/elaeis-prestige/vendor/laravel/framework/src/Illuminate/Filesystem/Filesystem.php(123): Illuminate/Filesystem/Filesystem->()
#5 C:/wamp64/www/elaeis-prestige/vendor/laravel/framework/src/Illuminate/Filesystem/Filesystem.php(124): Illuminate/Filesystem/Filesystem::Illuminate/Filesystem/{closure:C:/wamp64/www/elaeis-prestige/vendor/laravel/framework/src/Illuminate/Filesystem/Filesystem.php:120-124}()
#6 C:/wamp64/www/elaeis-prestige/vendor/laravel/framework/src/Illuminate/View/Engines/PhpEngine.php(57): Illuminate/Filesystem/Filesystem->getRequire(path: ''C:////wamp64////ww...', data: '['__env' => cla...')
#7 C:/wamp64/www/elaeis-prestige/vendor/livewire/livewire/src/Mechanisms/ExtendBlade/ExtendedCompilerEngine.php(22): Livewire/Mechanisms/ExtendBlade/ExtendedCompilerEngine->evaluatePath(path: ''C:////wamp64////ww...', data: '['__env' => cla...')
#8 C:/wamp64/www/elaeis-prestige/vendor/laravel/framework/src/Illuminate/View/Engines/CompilerEngine.php(76): Livewire/Mechanisms/ExtendBlade/ExtendedCompilerEngine->evaluatePath(__path: ''C:////wamp64////ww...', __data: '['__env' => cla...')
#9 C:/wamp64/www/elaeis-prestige/vendor/livewire/livewire/src/Mechanisms/ExtendBlade/ExtendedCompilerEngine.php(10): Livewire/Mechanisms/ExtendBlade/ExtendedCompilerEngine->get(path: ''C:////wamp64////ww...', data: '['__env' => cla...')
#10 C:/wamp64/www/elaeis-prestige/vendor/laravel/framework/src/Illuminate/View/View.php(208): Livewire/Mechanisms/ExtendBlade/ExtendedCompilerEngine->get(path: ''C:////wamp64////ww...', data: '['__env' => cla...')
#11 C:/wamp64/www/elaeis-prestige/vendor/laravel/framework/src/Illuminate/View/View.php(191): Illuminate/View/View->getContents()
#12 C:/wamp64/www/elaeis-prestige/vendor/laravel/framework/src/Illuminate/View/View.php(160): Illuminate/View/View->renderContents()
#13 C:/wamp64/www/elaeis-prestige/vendor/laravel/framework/src/Illuminate/Http/Response.php(78): Illuminate/View/View->render(callback: '???')
#14 C:/wamp64/www/elaeis-prestige/vendor/laravel/framework/src/Illuminate/Http/Response.php(34): Illuminate/Http/Response->setContent(content: 'class Illuminat...')
#15 C:/wamp64/www/elaeis-prestige/vendor/laravel/framework/src/Illuminate/Routing/Router.php(939): Illuminate/Http/Response->__construct(content: 'class Illuminat...', status: '200', headers: '['Content-Type'...')
#16 C:/wamp64/www/elaeis-prestige/vendor/laravel/framework/src/Illuminate/Routing/Router.php(906): Illuminate/Routing/Router::toResponse(request: 'class Illuminat...', response: 'class Illuminat...')
#17 C:/wamp64/www/elaeis-prestige/vendor/laravel/framework/src/Illuminate/Routing/Router.php(821): Illuminate/Routing/Router->prepareResponse(request: 'class Illuminat...', response: 'class Illuminat...')
#18 C:/wamp64/www/elaeis-prestige/vendor/laravel/framework/src/Illuminate/Pipeline/Pipeline.php(180): Illuminate/Routing/Router->Illuminate/Routing/{closure:C:/wamp64/www/elaeis-prestige/vendor/laravel/framework/src/Illuminate/Routing/Router.php:821-823}(request: 'class Illuminat...')
#19 C:/wamp64/www/elaeis-prestige/vendor/laravel/framework/src/Illuminate/Routing/Middleware/SubstituteBindings.php(50): Illuminate/Routing/Pipeline->Illuminate/Pipeline/{closure:C:/wamp64/www/elaeis-prestige/vendor/laravel/framework/src/Illuminate/Pipeline/Pipeline.php:178-184}(passable: 'class Illuminat...')
#20 C:/wamp64/www/elaeis-prestige/vendor/laravel/framework/src/Illuminate/Pipeline/Pipeline.php(219): Illuminate/Routing/Middleware/SubstituteBindings->handle(request: 'class Illuminat...', next: 'class Closure {...')
#21 C:/wamp64/www/elaeis-prestige/vendor/laravel/framework/src/Illuminate/Foundation/Http/Middleware/VerifyCsrfToken.php(87): Illuminate/Routing/Pipeline->Illuminate/Pipeline/{closure:C:/wamp64/www/elaeis-prestige/vendor/laravel/framework/src/Illuminate/Pipeline/Pipeline.php:195-226}(passable: 'class Illuminat...')
#22 C:/wamp64/www/elaeis-prestige/vendor/laravel/framework/src/Illuminate/Pipeline/Pipeline.php(219): Illuminate/Foundation/Http/Middleware/ValidateCsrfToken->handle(request: 'class Illuminat...', next: 'class Closure {...')
#23 C:/wamp64/www/elaeis-prestige/vendor/laravel/framework/src/Illuminate/View/Middleware/ShareErrorsFromSession.php(48): Illuminate/Routing/Pipeline->Illuminate/Pipeline/{closure:C:/wamp64/www/elaeis-prestige/vendor/laravel/framework/src/Illuminate/Pipeline/Pipeline.php:195-226}(passable: 'class Illuminat...')
#24 C:/wamp64/www/elaeis-prestige/vendor/laravel/framework/src/Illuminate/Pipeline/Pipeline.php(219): Illuminate/View/Middleware/ShareErrorsFromSession->handle(request: 'class Illuminat...', next: 'class Closure {...')
#25 C:/wamp64/www/elaeis-prestige/vendor/laravel/framework/src/Illuminate/Session/Middleware/StartSession.php(120): Illuminate/Routing/Pipeline->Illuminate/Pipeline/{closure:C:/wamp64/www/elaeis-prestige/vendor/laravel/framework/src/Illuminate/Pipeline/Pipeline.php:195-226}(passable: 'class Illuminat...')
#26 C:/wamp64/www/elaeis-prestige/vendor/laravel/framework/src/Illuminate/Session/Middleware/StartSession.php(63): Illuminate/Session/Middleware/StartSession->handleStatefulRequest(request: 'class Illuminat...', session: 'class Illuminat...', next: 'class Closure {...')
#27 C:/wamp64/www/elaeis-prestige/vendor/laravel/framework/src/Illuminate/Pipeline/Pipeline.php(219): Illuminate/Session/Middleware/StartSession->handle(request: 'class Illuminat...', next: 'class Closure {...')
#28 C:/wamp64/www/elaeis-prestige/vendor/laravel/framework/src/Illuminate/Cookie/Middleware/AddQueuedCookiesToResponse.php(36): Illuminate/Routing/Pipeline->Illuminate/Pipeline/{closure:C:/wamp64/www/elaeis-prestige/vendor/laravel/framework/src/Illuminate/Pipeline/Pipeline.php:195-226}(passable: 'class Illuminat...')
#29 C:/wamp64/www/elaeis-prestige/vendor/laravel/framework/src/Illuminate/Pipeline/Pipeline.php(219): Illuminate/Cookie/Middleware/AddQueuedCookiesToResponse->handle(request: 'class Illuminat...', next: 'class Closure {...')
#30 C:/wamp64/www/elaeis-prestige/vendor/laravel/framework/src/Illuminate/Cookie/Middleware/EncryptCookies.php(74): Illuminate/Routing/Pipeline->Illuminate/Pipeline/{closure:C:/wamp64/www/elaeis-prestige/vendor/laravel/framework/src/Illuminate/Pipeline/Pipeline.php:195-226}(passable: 'class Illuminat...')
#31 C:/wamp64/www/elaeis-prestige/vendor/laravel/framework/src/Illuminate/Pipeline/Pipeline.php(219): Illuminate/Cookie/Middleware/EncryptCookies->handle(request: 'class Illuminat...', next: 'class Closure {...')
#32 C:/wamp64/www/elaeis-prestige/vendor/laravel/framework/src/Illuminate/Pipeline/Pipeline.php(137): Illuminate/Routing/Pipeline->Illuminate/Pipeline/{closure:C:/wamp64/www/elaeis-prestige/vendor/laravel/framework/src/Illuminate/Pipeline/Pipeline.php:195-226}(passable: 'class Illuminat...')
#33 C:/wamp64/www/elaeis-prestige/vendor/laravel/framework/src/Illuminate/Routing/Router.php(821): Illuminate/Routing/Pipeline->then(destination: 'class Closure {...')
#34 C:/wamp64/www/elaeis-prestige/vendor/laravel/framework/src/Illuminate/Routing/Router.php(800): Illuminate/Routing/Router->runRouteWithinStack(route: 'class Illuminat...', request: 'class Illuminat...')
#35 C:/wamp64/www/elaeis-prestige/vendor/laravel/framework/src/Illuminate/Routing/Router.php(764): Illuminate/Routing/Router->runRoute(request: 'class Illuminat...', route: 'class Illuminat...')
#36 C:/wamp64/www/elaeis-prestige/vendor/laravel/framework/src/Illuminate/Routing/Router.php(753): Illuminate/Routing/Router->dispatchToRoute(request: 'class Illuminat...')
#37 C:/wamp64/www/elaeis-prestige/vendor/laravel/framework/src/Illuminate/Foundation/Http/Kernel.php(200): Illuminate/Routing/Router->dispatch(request: 'class Illuminat...')
#38 C:/wamp64/www/elaeis-prestige/vendor/laravel/framework/src/Illuminate/Pipeline/Pipeline.php(180): Illuminate/Foundation/Http/Kernel->Illuminate/Foundation/Http/{closure:C:/wamp64/www/elaeis-prestige/vendor/laravel/framework/src/Illuminate/Foundation/Http/Kernel.php:197-201}(request: 'class Illuminat...')
#39 C:/wamp64/www/elaeis-prestige/vendor/livewire/livewire/src/Features/SupportDisablingBackButtonCache/DisableBackButtonCacheMiddleware.php(19): Illuminate/Routing/Pipeline->Illuminate/Pipeline/{closure:C:/wamp64/www/elaeis-prestige/vendor/laravel/framework/src/Illuminate/Pipeline/Pipeline.php:178-184}(passable: 'class Illuminat...')
#40 C:/wamp64/www/elaeis-prestige/vendor/laravel/framework/src/Illuminate/Pipeline/Pipeline.php(219): Livewire/Features/SupportDisablingBackButtonCache/DisableBackButtonCacheMiddleware->handle(request: 'class Illuminat...', next: 'class Closure {...')
#41 C:/wamp64/www/elaeis-prestige/vendor/laravel/framework/src/Illuminate/Foundation/Http/Middleware/TransformsRequest.php(21): Illuminate/Routing/Pipeline->Illuminate/Pipeline/{closure:C:/wamp64/www/elaeis-prestige/vendor/laravel/framework/src/Illuminate/Pipeline/Pipeline.php:195-226}(passable: 'class Illuminat...')
#42 C:/wamp64/www/elaeis-prestige/vendor/laravel/framework/src/Illuminate/Foundation/Http/Middleware/ConvertEmptyStringsToNull.php(31): Illuminate/Foundation/Http/Middleware/ConvertEmptyStringsToNull->handle(request: 'class Illuminat...', next: 'class Closure {...')
#43 C:/wamp64/www/elaeis-prestige/vendor/laravel/framework/src/Illuminate/Pipeline/Pipeline.php(219): Illuminate/Foundation/Http/Middleware/ConvertEmptyStringsToNull->handle(request: 'class Illuminat...', next: 'class Closure {...')
#44 C:/wamp64/www/elaeis-prestige/vendor/laravel/framework/src/Illuminate/Foundation/Http/Middleware/TransformsRequest.php(21): Illuminate/Routing/Pipeline->Illuminate/Pipeline/{closure:C:/wamp64/www/elaeis-prestige/vendor/laravel/framework/src/Illuminate/Pipeline/Pipeline.php:195-226}(passable: 'class Illuminat...')
#45 C:/wamp64/www/elaeis-prestige/vendor/laravel/framework/src/Illuminate/Foundation/Http/Middleware/TrimStrings.php(51): Illuminate/Foundation/Http/Middleware/TrimStrings->handle(request: 'class Illuminat...', next: 'class Closure {...')
#46 C:/wamp64/www/elaeis-prestige/vendor/laravel/framework/src/Illuminate/Pipeline/Pipeline.php(219): Illuminate/Foundation/Http/Middleware/TrimStrings->handle(request: 'class Illuminat...', next: 'class Closure {...')
#47 C:/wamp64/www/elaeis-prestige/vendor/laravel/framework/src/Illuminate/Http/Middleware/ValidatePostSize.php(27): Illuminate/Routing/Pipeline->Illuminate/Pipeline/{closure:C:/wamp64/www/elaeis-prestige/vendor/laravel/framework/src/Illuminate/Pipeline/Pipeline.php:195-226}(passable: 'class Illuminat...')
#48 C:/wamp64/www/elaeis-prestige/vendor/laravel/framework/src/Illuminate/Pipeline/Pipeline.php(219): Illuminate/Http/Middleware/ValidatePostSize->handle(request: 'class Illuminat...', next: 'class Closure {...')
#49 C:/wamp64/www/elaeis-prestige/vendor/laravel/framework/src/Illuminate/Foundation/Http/Middleware/PreventRequestsDuringMaintenance.php(109): Illuminate/Routing/Pipeline->Illuminate/Pipeline/{closure:C:/wamp64/www/elaeis-prestige/vendor/laravel/framework/src/Illuminate/Pipeline/Pipeline.php:195-226}(passable: 'class Illuminat...')
#50 C:/wamp64/www/elaeis-prestige/vendor/laravel/framework/src/Illuminate/Pipeline/Pipeline.php(219): Illuminate/Foundation/Http/Middleware/PreventRequestsDuringMaintenance->handle(request: 'class Illuminat...', next: 'class Closure {...')
#51 C:/wamp64/www/elaeis-prestige/vendor/laravel/framework/src/Illuminate/Http/Middleware/HandleCors.php(61): Illuminate/Routing/Pipeline->Illuminate/Pipeline/{closure:C:/wamp64/www/elaeis-prestige/vendor/laravel/framework/src/Illuminate/Pipeline/Pipeline.php:195-226}(passable: 'class Illuminat...')
#52 C:/wamp64/www/elaeis-prestige/vendor/laravel/framework/src/Illuminate/Pipeline/Pipeline.php(219): Illuminate/Http/Middleware/HandleCors->handle(request: 'class Illuminat...', next: 'class Closure {...')
#53 C:/wamp64/www/elaeis-prestige/vendor/laravel/framework/src/Illuminate/Http/Middleware/TrustProxies.php(58): Illuminate/Routing/Pipeline->Illuminate/Pipeline/{closure:C:/wamp64/www/elaeis-prestige/vendor/laravel/framework/src/Illuminate/Pipeline/Pipeline.php:195-226}(passable: 'class Illuminat...')
#54 C:/wamp64/www/elaeis-prestige/vendor/laravel/framework/src/Illuminate/Pipeline/Pipeline.php(219): Illuminate/Http/Middleware/TrustProxies->handle(request: 'class Illuminat...', next: 'class Closure {...')
#55 C:/wamp64/www/elaeis-prestige/vendor/laravel/framework/src/Illuminate/Foundation/Http/Middleware/InvokeDeferredCallbacks.php(22): Illuminate/Routing/Pipeline->Illuminate/Pipeline/{closure:C:/wamp64/www/elaeis-prestige/vendor/laravel/framework/src/Illuminate/Pipeline/Pipeline.php:195-226}(passable: 'class Illuminat...')
#56 C:/wamp64/www/elaeis-prestige/vendor/laravel/framework/src/Illuminate/Pipeline/Pipeline.php(219): Illuminate/Foundation/Http/Middleware/InvokeDeferredCallbacks->handle(request: 'class Illuminat...', next: 'class Closure {...')
#57 C:/wamp64/www/elaeis-prestige/vendor/laravel/framework/src/Illuminate/Http/Middleware/ValidatePathEncoding.php(26): Illuminate/Routing/Pipeline->Illuminate/Pipeline/{closure:C:/wamp64/www/elaeis-prestige/vendor/laravel/framework/src/Illuminate/Pipeline/Pipeline.php:195-226}(passable: 'class Illuminat...')
#58 C:/wamp64/www/elaeis-prestige/vendor/laravel/framework/src/Illuminate/Pipeline/Pipeline.php(219): Illuminate/Http/Middleware/ValidatePathEncoding->handle(request: 'class Illuminat...', next: 'class Closure {...')
#59 C:/wamp64/www/elaeis-prestige/vendor/laravel/framework/src/Illuminate/Pipeline/Pipeline.php(137): Illuminate/Routing/Pipeline->Illuminate/Pipeline/{closure:C:/wamp64/www/elaeis-prestige/vendor/laravel/framework/src/Illuminate/Pipeline/Pipeline.php:195-226}(passable: 'class Illuminat...')
#60 C:/wamp64/www/elaeis-prestige/vendor/laravel/framework/src/Illuminate/Foundation/Http/Kernel.php(175): Illuminate/Routing/Pipeline->then(destination: 'class Closure {...')
#61 C:/wamp64/www/elaeis-prestige/vendor/laravel/framework/src/Illuminate/Foundation/Http/Kernel.php(144): Illuminate/Foundation/Http/Kernel->sendRequestThroughRouter(request: 'class Illuminat...')
#62 C:/wamp64/www/elaeis-prestige/vendor/laravel/framework/src/Illuminate/Foundation/Application.php(1220): Illuminate/Foundation/Http/Kernel->handle(request: 'class Illuminat...')
#63 C:/wamp64/www/elaeis-prestige/public/index.php(20): Illuminate/Foundation/Application->handleRequest(request: 'class Illuminat...')
#64 C:/wamp64/www/elaeis-prestige/vendor/laravel/framework/src/Illuminate/Foundation/resources/server.php(23): ()
#65 C:/wamp64/www/elaeis-prestige/vendor/laravel/framework/src/Illuminate/Foundation/resources/server.php(0): {main}()
#66 {main}
"} 
[2026-09-29 05:46:26] local.ERROR: Undefined array key 2 {"exception":"[object] (Spatie\\LaravelIgnition\\Exceptions\\ViewException(code: 0): Undefined array key 2 at C:/wamp64/www/elaeis-prestige/resources/views/pages/home.blade.php:76)
[stacktrace]
#0 C:/wamp64/www/elaeis-prestige/vendor/laravel/framework/src/Illuminate/Filesystem/Filesystem.php(123): require('C://wamp64//www//e...')
#1 C:/wamp64/www/elaeis-prestige/vendor/laravel/framework/src/Illuminate/Filesystem/Filesystem.php(124): Illuminate/Filesystem/Filesystem::Illuminate/Filesystem/{closure}()
#2 C:/wamp64/www/elaeis-prestige/vendor/laravel/framework/src/Illuminate/View/Engines/PhpEngine.php(57): Illuminate/Filesystem/Filesystem->getRequire('C://wamp64//www//e...', Array)
#3 C:/wamp64/www/elaeis-prestige/vendor/livewire/livewire/src/Mechanisms/ExtendBlade/ExtendedCompilerEngine.php(22): Illuminate/View/Engines/PhpEngine->evaluatePath('C://wamp64//www//e...', Array)
#4 C:/wamp64/www/elaeis-prestige/vendor/laravel/framework/src/Illuminate/View/Engines/CompilerEngine.php(76): Livewire/Mechanisms/ExtendBlade/ExtendedCompilerEngine->evaluatePath('C://wamp64//www//e...', Array)
#5 C:/wamp64/www/elaeis-prestige/vendor/livewire/livewire/src/Mechanisms/ExtendBlade/ExtendedCompilerEngine.php(10): Illuminate/View/Engines/CompilerEngine->get('C://wamp64//www//e...', Array)
#6 C:/wamp64/www/elaeis-prestige/vendor/laravel/framework/src/Illuminate/View/View.php(208): Livewire/Mechanisms/ExtendBlade/ExtendedCompilerEngine->get('C://wamp64//www//e...', Array)
#7 C:/wamp64/www/elaeis-prestige/vendor/laravel/framework/src/Illuminate/View/View.php(191): Illuminate/View/View->getContents()
#8 C:/wamp64/www/elaeis-prestige/vendor/laravel/framework/src/Illuminate/View/View.php(160): Illuminate/View/View->renderContents()
#9 C:/wamp64/www/elaeis-prestige/vendor/laravel/framework/src/Illuminate/Http/Response.php(78): Illuminate/View/View->render()
#10 C:/wamp64/www/elaeis-prestige/vendor/laravel/framework/src/Illuminate/Http/Response.php(34): Illuminate/Http/Response->setContent(Object(Illuminate/View/View))
#11 C:/wamp64/www/elaeis-prestige/vendor/laravel/framework/src/Illuminate/Routing/Router.php(939): Illuminate/Http/Response->__construct(Object(Illuminate/View/View), 200, Array)
#12 C:/wamp64/www/elaeis-prestige/vendor/laravel/framework/src/Illuminate/Routing/Router.php(906): Illuminate/Routing/Router::toResponse(Object(Illuminate/Http/Request), Object(Illuminate/View/View))
#13 C:/wamp64/www/elaeis-prestige/vendor/laravel/framework/src/Illuminate/Routing/Router.php(821): Illuminate/Routing/Router->prepareResponse(Object(Illuminate/Http/Request), Object(Illuminate/View/View))
#14 C:/wamp64/www/elaeis-prestige/vendor/laravel/framework/src/Illuminate/Pipeline/Pipeline.php(180): Illuminate/Routing/Router->Illuminate/Routing/{closure}(Object(Illuminate/Http/Request))
#15 C:/wamp64/www/elaeis-prestige/vendor/laravel/framework/src/Illuminate/Routing/Middleware/SubstituteBindings.php(50): Illuminate/Pipeline/Pipeline->Illuminate/Pipeline/{closure}(Object(Illuminate/Http/Request))
#16 C:/wamp64/www/elaeis-prestige/vendor/laravel/framework/src/Illuminate/Pipeline/Pipeline.php(219): Illuminate/Routing/Middleware/SubstituteBindings->handle(Object(Illuminate/Http/Request), Object(Closure))
#17 C:/wamp64/www/elaeis-prestige/vendor/laravel/framework/src/Illuminate/Foundation/Http/Middleware/VerifyCsrfToken.php(87): Illuminate/Pipeline/Pipeline->Illuminate/Pipeline/{closure}(Object(Illuminate/Http/Request))
#18 C:/wamp64/www/elaeis-prestige/vendor/laravel/framework/src/Illuminate/Pipeline/Pipeline.php(219): Illuminate/Foundation/Http/Middleware/VerifyCsrfToken->handle(Object(Illuminate/Http/Request), Object(Closure))
#19 C:/wamp64/www/elaeis-prestige/vendor/laravel/framework/src/Illuminate/View/Middleware/ShareErrorsFromSession.php(48): Illuminate/Pipeline/Pipeline->Illuminate/Pipeline/{closure}(Object(Illuminate/Http/Request))
#20 C:/wamp64/www/elaeis-prestige/vendor/laravel/framework/src/Illuminate/Pipeline/Pipeline.php(219): Illuminate/View/Middleware/ShareErrorsFromSession->handle(Object(Illuminate/Http/Request), Object(Closure))
#21 C:/wamp64/www/elaeis-prestige/vendor/laravel/framework/src/Illuminate/Session/Middleware/StartSession.php(120): Illuminate/Pipeline/Pipeline->Illuminate/Pipeline/{closure}(Object(Illuminate/Http/Request))
#22 C:/wamp64/www/elaeis-prestige/vendor/laravel/framework/src/Illuminate/Session/Middleware/StartSession.php(63): Illuminate/Session/Middleware/StartSession->handleStatefulRequest(Object(Illuminate/Http/Request), Object(Illuminate/Session/Store), Object(Closure))
#23 C:/wamp64/www/elaeis-prestige/vendor/laravel/framework/src/Illuminate/Pipeline/Pipeline.php(219): Illuminate/Session/Middleware/StartSession->handle(Object(Illuminate/Http/Request), Object(Closure))
#24 C:/wamp64/www/elaeis-prestige/vendor/laravel/framework/src/Illuminate/Cookie/Middleware/AddQueuedCookiesToResponse.php(36): Illuminate/Pipeline/Pipeline->Illuminate/Pipeline/{closure}(Object(Illuminate/Http/Request))
#25 C:/wamp64/www/elaeis-prestige/vendor/laravel/framework/src/Illuminate/Pipeline/Pipeline.php(219): Illuminate/Cookie/Middleware/AddQueuedCookiesToResponse->handle(Object(Illuminate/Http/Request), Object(Closure))
#26 C:/wamp64/www/elaeis-prestige/vendor/laravel/framework/src/Illuminate/Cookie/Middleware/EncryptCookies.php(74): Illuminate/Pipeline/Pipeline->Illuminate/Pipeline/{closure}(Object(Illuminate/Http/Request))
#27 C:/wamp64/www/elaeis-prestige/vendor/laravel/framework/src/Illuminate/Pipeline/Pipeline.php(219): Illuminate/Cookie/Middleware/EncryptCookies->handle(Object(Illuminate/Http/Request), Object(Closure))
#28 C:/wamp64/www/elaeis-prestige/vendor/laravel/framework/src/Illuminate/Pipeline/Pipeline.php(137): Illuminate/Pipeline/Pipeline->Illuminate/Pipeline/{closure}(Object(Illuminate/Http/Request))
#29 C:/wamp64/www/elaeis-prestige/vendor/laravel/framework/src/Illuminate/Routing/Router.php(821): Illuminate/Pipeline/Pipeline->then(Object(Closure))
#30 C:/wamp64/www/elaeis-prestige/vendor/laravel/framework/src/Illuminate/Routing/Router.php(800): Illuminate/Routing/Router->runRouteWithinStack(Object(Illuminate/Routing/Route), Object(Illuminate/Http/Request))
#31 C:/wamp64/www/elaeis-prestige/vendor/laravel/framework/src/Illuminate/Routing/Router.php(764): Illuminate/Routing/Router->runRoute(Object(Illuminate/Http/Request), Object(Illuminate/Routing/Route))
#32 C:/wamp64/www/elaeis-prestige/vendor/laravel/framework/src/Illuminate/Routing/Router.php(753): Illuminate/Routing/Router->dispatchToRoute(Object(Illuminate/Http/Request))
#33 C:/wamp64/www/elaeis-prestige/vendor/laravel/framework/src/Illuminate/Foundation/Http/Kernel.php(200): Illuminate/Routing/Router->dispatch(Object(Illuminate/Http/Request))
#34 C:/wamp64/www/elaeis-prestige/vendor/laravel/framework/src/Illuminate/Pipeline/Pipeline.php(180): Illuminate/Foundation/Http/Kernel->Illuminate/Foundation/Http/{closure}(Object(Illuminate/Http/Request))
#35 C:/wamp64/www/elaeis-prestige/vendor/livewire/livewire/src/Features/SupportDisablingBackButtonCache/DisableBackButtonCacheMiddleware.php(19): Illuminate/Pipeline/Pipeline->Illuminate/Pipeline/{closure}(Object(Illuminate/Http/Request))
#36 C:/wamp64/www/elaeis-prestige/vendor/laravel/framework/src/Illuminate/Pipeline/Pipeline.php(219): Livewire/Features/SupportDisablingBackButtonCache/DisableBackButtonCacheMiddleware->handle(Object(Illuminate/Http/Request), Object(Closure))
#37 C:/wamp64/www/elaeis-prestige/vendor/laravel/framework/src/Illuminate/Foundation/Http/Middleware/TransformsRequest.php(21): Illuminate/Pipeline/Pipeline->Illuminate/Pipeline/{closure}(Object(Illuminate/Http/Request))
#38 C:/wamp64/www/elaeis-prestige/vendor/laravel/framework/src/Illuminate/Foundation/Http/Middleware/ConvertEmptyStringsToNull.php(31): Illuminate/Foundation/Http/Middleware/TransformsRequest->handle(Object(Illuminate/Http/Request), Object(Closure))
#39 C:/wamp64/www/elaeis-prestige/vendor/laravel/framework/src/Illuminate/Pipeline/Pipeline.php(219): Illuminate/Foundation/Http/Middleware/ConvertEmptyStringsToNull->handle(Object(Illuminate/Http/Request), Object(Closure))
#40 C:/wamp64/www/elaeis-prestige/vendor/laravel/framework/src/Illuminate/Foundation/Http/Middleware/TransformsRequest.php(21): Illuminate/Pipeline/Pipeline->Illuminate/Pipeline/{closure}(Object(Illuminate/Http/Request))
#41 C:/wamp64/www/elaeis-prestige/vendor/laravel/framework/src/Illuminate/Foundation/Http/Middleware/TrimStrings.php(51): Illuminate/Foundation/Http/Middleware/TransformsRequest->handle(Object(Illuminate/Http/Request), Object(Closure))
#42 C:/wamp64/www/elaeis-prestige/vendor/laravel/framework/src/Illuminate/Pipeline/Pipeline.php(219): Illuminate/Foundation/Http/Middleware/TrimStrings->handle(Object(Illuminate/Http/Request), Object(Closure))
#43 C:/wamp64/www/elaeis-prestige/vendor/laravel/framework/src/Illuminate/Http/Middleware/ValidatePostSize.php(27): Illuminate/Pipeline/Pipeline->Illuminate/Pipeline/{closure}(Object(Illuminate/Http/Request))
#44 C:/wamp64/www/elaeis-prestige/vendor/laravel/framework/src/Illuminate/Pipeline/Pipeline.php(219): Illuminate/Http/Middleware/ValidatePostSize->handle(Object(Illuminate/Http/Request), Object(Closure))
#45 C:/wamp64/www/elaeis-prestige/vendor/laravel/framework/src/Illuminate/Foundation/Http/Middleware/PreventRequestsDuringMaintenance.php(109): Illuminate/Pipeline/Pipeline->Illuminate/Pipeline/{closure}(Object(Illuminate/Http/Request))
#46 C:/wamp64/www/elaeis-prestige/vendor/laravel/framework/src/Illuminate/Pipeline/Pipeline.php(219): Illuminate/Foundation/Http/Middleware/PreventRequestsDuringMaintenance->handle(Object(Illuminate/Http/Request), Object(Closure))
#47 C:/wamp64/www/elaeis-prestige/vendor/laravel/framework/src/Illuminate/Http/Middleware/HandleCors.php(61): Illuminate/Pipeline/Pipeline->Illuminate/Pipeline/{closure}(Object(Illuminate/Http/Request))
#48 C:/wamp64/www/elaeis-prestige/vendor/laravel/framework/src/Illuminate/Pipeline/Pipeline.php(219): Illuminate/Http/Middleware/HandleCors->handle(Object(Illuminate/Http/Request), Object(Closure))
#49 C:/wamp64/www/elaeis-prestige/vendor/laravel/framework/src/Illuminate/Http/Middleware/TrustProxies.php(58): Illuminate/Pipeline/Pipeline->Illuminate/Pipeline/{closure}(Object(Illuminate/Http/Request))
#50 C:/wamp64/www/elaeis-prestige/vendor/laravel/framework/src/Illuminate/Pipeline/Pipeline.php(219): Illuminate/Http/Middleware/TrustProxies->handle(Object(Illuminate/Http/Request), Object(Closure))
#51 C:/wamp64/www/elaeis-prestige/vendor/laravel/framework/src/Illuminate/Foundation/Http/Middleware/InvokeDeferredCallbacks.php(22): Illuminate/Pipeline/Pipeline->Illuminate/Pipeline/{closure}(Object(Illuminate/Http/Request))
#52 C:/wamp64/www/elaeis-prestige/vendor/laravel/framework/src/Illuminate/Pipeline/Pipeline.php(219): Illuminate/Foundation/Http/Middleware/InvokeDeferredCallbacks->handle(Object(Illuminate/Http/Request), Object(Closure))
#53 C:/wamp64/www/elaeis-prestige/vendor/laravel/framework/src/Illuminate/Http/Middleware/ValidatePathEncoding.php(26): Illuminate/Pipeline/Pipeline->Illuminate/Pipeline/{closure}(Object(Illuminate/Http/Request))
#54 C:/wamp64/www/elaeis-prestige/vendor/laravel/framework/src/Illuminate/Pipeline/Pipeline.php(219): Illuminate/Http/Middleware/ValidatePathEncoding->handle(Object(Illuminate/Http/Request), Object(Closure))
#55 C:/wamp64/www/elaeis-prestige/vendor/laravel/framework/src/Illuminate/Pipeline/Pipeline.php(137): Illuminate/Pipeline/Pipeline->Illuminate/Pipeline/{closure}(Object(Illuminate/Http/Request))
#56 C:/wamp64/www/elaeis-prestige/vendor/laravel/framework/src/Illuminate/Foundation/Http/Kernel.php(175): Illuminate/Pipeline/Pipeline->then(Object(Closure))
#57 C:/wamp64/www/elaeis-prestige/vendor/laravel/framework/src/Illuminate/Foundation/Http/Kernel.php(144): Illuminate/Foundation/Http/Kernel->sendRequestThroughRouter(Object(Illuminate/Http/Request))
#58 C:/wamp64/www/elaeis-prestige/vendor/laravel/framework/src/Illuminate/Foundation/Application.php(1220): Illuminate/Foundation/Http/Kernel->handle(Object(Illuminate/Http/Request))
#59 C:/wamp64/www/elaeis-prestige/public/index.php(20): Illuminate/Foundation/Application->handleRequest(Object(Illuminate/Http/Request))
#60 C:/wamp64/www/elaeis-prestige/vendor/laravel/framework/src/Illuminate/Foundation/resources/server.php(23): require_once('C://wamp64//www//e...')
#61 {main}

[previous exception] [object] (ErrorException(code: 0): Undefined array key 2 at C:/wamp64/www/elaeis-prestige/storage/framework/views/c83668ac81ce8ecd30983a60031b0700.php:100)
[stacktrace]
#0 C:/wamp64/www/elaeis-prestige/vendor/laravel/framework/src/Illuminate/Foundation/Bootstrap/HandleExceptions.php(262): Illuminate/Foundation/Bootstrap/HandleExceptions->handleError(2, 'Undefined array...', 'C://wamp64//www//e...', 100)
#1 C:/wamp64/www/elaeis-prestige/storage/framework/views/c83668ac81ce8ecd30983a60031b0700.php(100): Illuminate/Foundation/Bootstrap/HandleExceptions->Illuminate/Foundation/Bootstrap/{closure}(2, 'Undefined array...', 'C://wamp64//www//e...', 100)
#2 C:/wamp64/www/elaeis-prestige/vendor/laravel/framework/src/Illuminate/Filesystem/Filesystem.php(123): require('C://wamp64//www//e...')
#3 C:/wamp64/www/elaeis-prestige/vendor/laravel/framework/src/Illuminate/Filesystem/Filesystem.php(124): Illuminate/Filesystem/Filesystem::Illuminate/Filesystem/{closure}()
#4 C:/wamp64/www/elaeis-prestige/vendor/laravel/framework/src/Illuminate/View/Engines/PhpEngine.php(57): Illuminate/Filesystem/Filesystem->getRequire('C://wamp64//www//e...', Array)
#5 C:/wamp64/www/elaeis-prestige/vendor/livewire/livewire/src/Mechanisms/ExtendBlade/ExtendedCompilerEngine.php(22): Illuminate/View/Engines/PhpEngine->evaluatePath('C://wamp64//www//e...', Array)
#6 C:/wamp64/www/elaeis-prestige/vendor/laravel/framework/src/Illuminate/View/Engines/CompilerEngine.php(76): Livewire/Mechanisms/ExtendBlade/ExtendedCompilerEngine->evaluatePath('C://wamp64//www//e...', Array)
#7 C:/wamp64/www/elaeis-prestige/vendor/livewire/livewire/src/Mechanisms/ExtendBlade/ExtendedCompilerEngine.php(10): Illuminate/View/Engines/CompilerEngine->get('C://wamp64//www//e...', Array)
#8 C:/wamp64/www/elaeis-prestige/vendor/laravel/framework/src/Illuminate/View/View.php(208): Livewire/Mechanisms/ExtendBlade/ExtendedCompilerEngine->get('C://wamp64//www//e...', Array)
#9 C:/wamp64/www/elaeis-prestige/vendor/laravel/framework/src/Illuminate/View/View.php(191): Illuminate/View/View->getContents()
#10 C:/wamp64/www/elaeis-prestige/vendor/laravel/framework/src/Illuminate/View/View.php(160): Illuminate/View/View->renderContents()
#11 C:/wamp64/www/elaeis-prestige/vendor/laravel/framework/src/Illuminate/Http/Response.php(78): Illuminate/View/View->render()
#12 C:/wamp64/www/elaeis-prestige/vendor/laravel/framework/src/Illuminate/Http/Response.php(34): Illuminate/Http/Response->setContent(Object(Illuminate/View/View))
#13 C:/wamp64/www/elaeis-prestige/vendor/laravel/framework/src/Illuminate/Routing/Router.php(939): Illuminate/Http/Response->__construct(Object(Illuminate/View/View), 200, Array)
#14 C:/wamp64/www/elaeis-prestige/vendor/laravel/framework/src/Illuminate/Routing/Router.php(906): Illuminate/Routing/Router::toResponse(Object(Illuminate/Http/Request), Object(Illuminate/View/View))
#15 C:/wamp64/www/elaeis-prestige/vendor/laravel/framework/src/Illuminate/Routing/Router.php(821): Illuminate/Routing/Router->prepareResponse(Object(Illuminate/Http/Request), Object(Illuminate/View/View))
#16 C:/wamp64/www/elaeis-prestige/vendor/laravel/framework/src/Illuminate/Pipeline/Pipeline.php(180): Illuminate/Routing/Router->Illuminate/Routing/{closure}(Object(Illuminate/Http/Request))
#17 C:/wamp64/www/elaeis-prestige/vendor/laravel/framework/src/Illuminate/Routing/Middleware/SubstituteBindings.php(50): Illuminate/Pipeline/Pipeline->Illuminate/Pipeline/{closure}(Object(Illuminate/Http/Request))
#18 C:/wamp64/www/elaeis-prestige/vendor/laravel/framework/src/Illuminate/Pipeline/Pipeline.php(219): Illuminate/Routing/Middleware/SubstituteBindings->handle(Object(Illuminate/Http/Request), Object(Closure))
#19 C:/wamp64/www/elaeis-prestige/vendor/laravel/framework/src/Illuminate/Foundation/Http/Middleware/VerifyCsrfToken.php(87): Illuminate/Pipeline/Pipeline->Illuminate/Pipeline/{closure}(Object(Illuminate/Http/Request))
#20 C:/wamp64/www/elaeis-prestige/vendor/laravel/framework/src/Illuminate/Pipeline/Pipeline.php(219): Illuminate/Foundation/Http/Middleware/VerifyCsrfToken->handle(Object(Illuminate/Http/Request), Object(Closure))
#21 C:/wamp64/www/elaeis-prestige/vendor/laravel/framework/src/Illuminate/View/Middleware/ShareErrorsFromSession.php(48): Illuminate/Pipeline/Pipeline->Illuminate/Pipeline/{closure}(Object(Illuminate/Http/Request))
#22 C:/wamp64/www/elaeis-prestige/vendor/laravel/framework/src/Illuminate/Pipeline/Pipeline.php(219): Illuminate/View/Middleware/ShareErrorsFromSession->handle(Object(Illuminate/Http/Request), Object(Closure))
#23 C:/wamp64/www/elaeis-prestige/vendor/laravel/framework/src/Illuminate/Session/Middleware/StartSession.php(120): Illuminate/Pipeline/Pipeline->Illuminate/Pipeline/{closure}(Object(Illuminate/Http/Request))
#24 C:/wamp64/www/elaeis-prestige/vendor/laravel/framework/src/Illuminate/Session/Middleware/StartSession.php(63): Illuminate/Session/Middleware/StartSession->handleStatefulRequest(Object(Illuminate/Http/Request), Object(Illuminate/Session/Store), Object(Closure))
#25 C:/wamp64/www/elaeis-prestige/vendor/laravel/framework/src/Illuminate/Pipeline/Pipeline.php(219): Illuminate/Session/Middleware/StartSession->handle(Object(Illuminate/Http/Request), Object(Closure))
#26 C:/wamp64/www/elaeis-prestige/vendor/laravel/framework/src/Illuminate/Cookie/Middleware/AddQueuedCookiesToResponse.php(36): Illuminate/Pipeline/Pipeline->Illuminate/Pipeline/{closure}(Object(Illuminate/Http/Request))
#27 C:/wamp64/www/elaeis-prestige/vendor/laravel/framework/src/Illuminate/Pipeline/Pipeline.php(219): Illuminate/Cookie/Middleware/AddQueuedCookiesToResponse->handle(Object(Illuminate/Http/Request), Object(Closure))
#28 C:/wamp64/www/elaeis-prestige/vendor/laravel/framework/src/Illuminate/Cookie/Middleware/EncryptCookies.php(74): Illuminate/Pipeline/Pipeline->Illuminate/Pipeline/{closure}(Object(Illuminate/Http/Request))
#29 C:/wamp64/www/elaeis-prestige/vendor/laravel/framework/src/Illuminate/Pipeline/Pipeline.php(219): Illuminate/Cookie/Middleware/EncryptCookies->handle(Object(Illuminate/Http/Request), Object(Closure))
#30 C:/wamp64/www/elaeis-prestige/vendor/laravel/framework/src/Illuminate/Pipeline/Pipeline.php(137): Illuminate/Pipeline/Pipeline->Illuminate/Pipeline/{closure}(Object(Illuminate/Http/Request))
#31 C:/wamp64/www/elaeis-prestige/vendor/laravel/framework/src/Illuminate/Routing/Router.php(821): Illuminate/Pipeline/Pipeline->then(Object(Closure))
#32 C:/wamp64/www/elaeis-prestige/vendor/laravel/framework/src/Illuminate/Routing/Router.php(800): Illuminate/Routing/Router->runRouteWithinStack(Object(Illuminate/Routing/Route), Object(Illuminate/Http/Request))
#33 C:/wamp64/www/elaeis-prestige/vendor/laravel/framework/src/Illuminate/Routing/Router.php(764): Illuminate/Routing/Router->runRoute(Object(Illuminate/Http/Request), Object(Illuminate/Routing/Route))
#34 C:/wamp64/www/elaeis-prestige/vendor/laravel/framework/src/Illuminate/Routing/Router.php(753): Illuminate/Routing/Router->dispatchToRoute(Object(Illuminate/Http/Request))
#35 C:/wamp64/www/elaeis-prestige/vendor/laravel/framework/src/Illuminate/Foundation/Http/Kernel.php(200): Illuminate/Routing/Router->dispatch(Object(Illuminate/Http/Request))
#36 C:/wamp64/www/elaeis-prestige/vendor/laravel/framework/src/Illuminate/Pipeline/Pipeline.php(180): Illuminate/Foundation/Http/Kernel->Illuminate/Foundation/Http/{closure}(Object(Illuminate/Http/Request))
#37 C:/wamp64/www/elaeis-prestige/vendor/livewire/livewire/src/Features/SupportDisablingBackButtonCache/DisableBackButtonCacheMiddleware.php(19): Illuminate/Pipeline/Pipeline->Illuminate/Pipeline/{closure}(Object(Illuminate/Http/Request))
#38 C:/wamp64/www/elaeis-prestige/vendor/laravel/framework/src/Illuminate/Pipeline/Pipeline.php(219): Livewire/Features/SupportDisablingBackButtonCache/DisableBackButtonCacheMiddleware->handle(Object(Illuminate/Http/Request), Object(Closure))
#39 C:/wamp64/www/elaeis-prestige/vendor/laravel/framework/src/Illuminate/Foundation/Http/Middleware/TransformsRequest.php(21): Illuminate/Pipeline/Pipeline->Illuminate/Pipeline/{closure}(Object(Illuminate/Http/Request))
#40 C:/wamp64/www/elaeis-prestige/vendor/laravel/framework/src/Illuminate/Foundation/Http/Middleware/ConvertEmptyStringsToNull.php(31): Illuminate/Foundation/Http/Middleware/TransformsRequest->handle(Object(Illuminate/Http/Request), Object(Closure))
#41 C:/wamp64/www/elaeis-prestige/vendor/laravel/framework/src/Illuminate/Pipeline/Pipeline.php(219): Illuminate/Foundation/Http/Middleware/ConvertEmptyStringsToNull->handle(Object(Illuminate/Http/Request), Object(Closure))
#42 C:/wamp64/www/elaeis-prestige/vendor/laravel/framework/src/Illuminate/Foundation/Http/Middleware/TransformsRequest.php(21): Illuminate/Pipeline/Pipeline->Illuminate/Pipeline/{closure}(Object(Illuminate/Http/Request))
#43 C:/wamp64/www/elaeis-prestige/vendor/laravel/framework/src/Illuminate/Foundation/Http/Middleware/TrimStrings.php(51): Illuminate/Foundation/Http/Middleware/TransformsRequest->handle(Object(Illuminate/Http/Request), Object(Closure))
#44 C:/wamp64/www/elaeis-prestige/vendor/laravel/framework/src/Illuminate/Pipeline/Pipeline.php(219): Illuminate/Foundation/Http/Middleware/TrimStrings->handle(Object(Illuminate/Http/Request), Object(Closure))
#45 C:/wamp64/www/elaeis-prestige/vendor/laravel/framework/src/Illuminate/Http/Middleware/ValidatePostSize.php(27): Illuminate/Pipeline/Pipeline->Illuminate/Pipeline/{closure}(Object(Illuminate/Http/Request))
#46 C:/wamp64/www/elaeis-prestige/vendor/laravel/framework/src/Illuminate/Pipeline/Pipeline.php(219): Illuminate/Http/Middleware/ValidatePostSize->handle(Object(Illuminate/Http/Request), Object(Closure))
#47 C:/wamp64/www/elaeis-prestige/vendor/laravel/framework/src/Illuminate/Foundation/Http/Middleware/PreventRequestsDuringMaintenance.php(109): Illuminate/Pipeline/Pipeline->Illuminate/Pipeline/{closure}(Object(Illuminate/Http/Request))
#48 C:/wamp64/www/elaeis-prestige/vendor/laravel/framework/src/Illuminate/Pipeline/Pipeline.php(219): Illuminate/Foundation/Http/Middleware/PreventRequestsDuringMaintenance->handle(Object(Illuminate/Http/Request), Object(Closure))
#49 C:/wamp64/www/elaeis-prestige/vendor/laravel/framework/src/Illuminate/Http/Middleware/HandleCors.php(61): Illuminate/Pipeline/Pipeline->Illuminate/Pipeline/{closure}(Object(Illuminate/Http/Request))
#50 C:/wamp64/www/elaeis-prestige/vendor/laravel/framework/src/Illuminate/Pipeline/Pipeline.php(219): Illuminate/Http/Middleware/HandleCors->handle(Object(Illuminate/Http/Request), Object(Closure))
#51 C:/wamp64/www/elaeis-prestige/vendor/laravel/framework/src/Illuminate/Http/Middleware/TrustProxies.php(58): Illuminate/Pipeline/Pipeline->Illuminate/Pipeline/{closure}(Object(Illuminate/Http/Request))
#52 C:/wamp64/www/elaeis-prestige/vendor/laravel/framework/src/Illuminate/Pipeline/Pipeline.php(219): Illuminate/Http/Middleware/TrustProxies->handle(Object(Illuminate/Http/Request), Object(Closure))
#53 C:/wamp64/www/elaeis-prestige/vendor/laravel/framework/src/Illuminate/Foundation/Http/Middleware/InvokeDeferredCallbacks.php(22): Illuminate/Pipeline/Pipeline->Illuminate/Pipeline/{closure}(Object(Illuminate/Http/Request))
#54 C:/wamp64/www/elaeis-prestige/vendor/laravel/framework/src/Illuminate/Pipeline/Pipeline.php(219): Illuminate/Foundation/Http/Middleware/InvokeDeferredCallbacks->handle(Object(Illuminate/Http/Request), Object(Closure))
#55 C:/wamp64/www/elaeis-prestige/vendor/laravel/framework/src/Illuminate/Http/Middleware/ValidatePathEncoding.php(26): Illuminate/Pipeline/Pipeline->Illuminate/Pipeline/{closure}(Object(Illuminate/Http/Request))
#56 C:/wamp64/www/elaeis-prestige/vendor/laravel/framework/src/Illuminate/Pipeline/Pipeline.php(219): Illuminate/Http/Middleware/ValidatePathEncoding->handle(Object(Illuminate/Http/Request), Object(Closure))
#57 C:/wamp64/www/elaeis-prestige/vendor/laravel/framework/src/Illuminate/Pipeline/Pipeline.php(137): Illuminate/Pipeline/Pipeline->Illuminate/Pipeline/{closure}(Object(Illuminate/Http/Request))
#58 C:/wamp64/www/elaeis-prestige/vendor/laravel/framework/src/Illuminate/Foundation/Http/Kernel.php(175): Illuminate/Pipeline/Pipeline->then(Object(Closure))
#59 C:/wamp64/www/elaeis-prestige/vendor/laravel/framework/src/Illuminate/Foundation/Http/Kernel.php(144): Illuminate/Foundation/Http/Kernel->sendRequestThroughRouter(Object(Illuminate/Http/Request))
#60 C:/wamp64/www/elaeis-prestige/vendor/laravel/framework/src/Illuminate/Foundation/Application.php(1220): Illuminate/Foundation/Http/Kernel->handle(Object(Illuminate/Http/Request))
#61 C:/wamp64/www/elaeis-prestige/public/index.php(20): Illuminate/Foundation/Application->handleRequest(Object(Illuminate/Http/Request))
#62 C:/wamp64/www/elaeis-prestige/vendor/laravel/framework/src/Illuminate/Foundation/resources/server.php(23): require_once('C://wamp64//www//e...')
#63 {main}
"} 
[2026-09-29 12:02:08] local.ERROR: Undefined array key 2 {"exception":"[object] (Spatie\\LaravelIgnition\\Exceptions\\ViewException(code: 0): Undefined array key 2 at C:/wamp64/www/elaeis-prestige/resources/views/pages/home.blade.php:76)
[stacktrace]
#0 C:/wamp64/www/elaeis-prestige/vendor/laravel/framework/src/Illuminate/Filesystem/Filesystem.php(123): require('C://wamp64//www//e...')
#1 C:/wamp64/www/elaeis-prestige/vendor/laravel/framework/src/Illuminate/Filesystem/Filesystem.php(124): Illuminate/Filesystem/Filesystem::Illuminate/Filesystem/{closure}()
#2 C:/wamp64/www/elaeis-prestige/vendor/laravel/framework/src/Illuminate/View/Engines/PhpEngine.php(57): Illuminate/Filesystem/Filesystem->getRequire('C://wamp64//www//e...', Array)
#3 C:/wamp64/www/elaeis-prestige/vendor/livewire/livewire/src/Mechanisms/ExtendBlade/ExtendedCompilerEngine.php(22): Illuminate/View/Engines/PhpEngine->evaluatePath('C://wamp64//www//e...', Array)
#4 C:/wamp64/www/elaeis-prestige/vendor/laravel/framework/src/Illuminate/View/Engines/CompilerEngine.php(76): Livewire/Mechanisms/ExtendBlade/ExtendedCompilerEngine->evaluatePath('C://wamp64//www//e...', Array)
#5 C:/wamp64/www/elaeis-prestige/vendor/livewire/livewire/src/Mechanisms/ExtendBlade/ExtendedCompilerEngine.php(10): Illuminate/View/Engines/CompilerEngine->get('C://wamp64//www//e...', Array)
#6 C:/wamp64/www/elaeis-prestige/vendor/laravel/framework/src/Illuminate/View/View.php(208): Livewire/Mechanisms/ExtendBlade/ExtendedCompilerEngine->get('C://wamp64//www//e...', Array)
#7 C:/wamp64/www/elaeis-prestige/vendor/laravel/framework/src/Illuminate/View/View.php(191): Illuminate/View/View->getContents()
#8 C:/wamp64/www/elaeis-prestige/vendor/laravel/framework/src/Illuminate/View/View.php(160): Illuminate/View/View->renderContents()
#9 C:/wamp64/www/elaeis-prestige/vendor/laravel/framework/src/Illuminate/Http/Response.php(78): Illuminate/View/View->render()
#10 C:/wamp64/www/elaeis-prestige/vendor/laravel/framework/src/Illuminate/Http/Response.php(34): Illuminate/Http/Response->setContent(Object(Illuminate/View/View))
#11 C:/wamp64/www/elaeis-prestige/vendor/laravel/framework/src/Illuminate/Routing/Router.php(939): Illuminate/Http/Response->__construct(Object(Illuminate/View/View), 200, Array)
#12 C:/wamp64/www/elaeis-prestige/vendor/laravel/framework/src/Illuminate/Routing/Router.php(906): Illuminate/Routing/Router::toResponse(Object(Illuminate/Http/Request), Object(Illuminate/View/View))
#13 C:/wamp64/www/elaeis-prestige/vendor/laravel/framework/src/Illuminate/Routing/Router.php(821): Illuminate/Routing/Router->prepareResponse(Object(Illuminate/Http/Request), Object(Illuminate/View/View))
#14 C:/wamp64/www/elaeis-prestige/vendor/laravel/framework/src/Illuminate/Pipeline/Pipeline.php(180): Illuminate/Routing/Router->Illuminate/Routing/{closure}(Object(Illuminate/Http/Request))
#15 C:/wamp64/www/elaeis-prestige/vendor/laravel/framework/src/Illuminate/Routing/Middleware/SubstituteBindings.php(50): Illuminate/Pipeline/Pipeline->Illuminate/Pipeline/{closure}(Object(Illuminate/Http/Request))
#16 C:/wamp64/www/elaeis-prestige/vendor/laravel/framework/src/Illuminate/Pipeline/Pipeline.php(219): Illuminate/Routing/Middleware/SubstituteBindings->handle(Object(Illuminate/Http/Request), Object(Closure))
#17 C:/wamp64/www/elaeis-prestige/vendor/laravel/framework/src/Illuminate/Foundation/Http/Middleware/VerifyCsrfToken.php(87): Illuminate/Pipeline/Pipeline->Illuminate/Pipeline/{closure}(Object(Illuminate/Http/Request))
#18 C:/wamp64/www/elaeis-prestige/vendor/laravel/framework/src/Illuminate/Pipeline/Pipeline.php(219): Illuminate/Foundation/Http/Middleware/VerifyCsrfToken->handle(Object(Illuminate/Http/Request), Object(Closure))
#19 C:/wamp64/www/elaeis-prestige/vendor/laravel/framework/src/Illuminate/View/Middleware/ShareErrorsFromSession.php(48): Illuminate/Pipeline/Pipeline->Illuminate/Pipeline/{closure}(Object(Illuminate/Http/Request))
#20 C:/wamp64/www/elaeis-prestige/vendor/laravel/framework/src/Illuminate/Pipeline/Pipeline.php(219): Illuminate/View/Middleware/ShareErrorsFromSession->handle(Object(Illuminate/Http/Request), Object(Closure))
#21 C:/wamp64/www/elaeis-prestige/vendor/laravel/framework/src/Illuminate/Session/Middleware/StartSession.php(120): Illuminate/Pipeline/Pipeline->Illuminate/Pipeline/{closure}(Object(Illuminate/Http/Request))
#22 C:/wamp64/www/elaeis-prestige/vendor/laravel/framework/src/Illuminate/Session/Middleware/StartSession.php(63): Illuminate/Session/Middleware/StartSession->handleStatefulRequest(Object(Illuminate/Http/Request), Object(Illuminate/Session/Store), Object(Closure))
#23 C:/wamp64/www/elaeis-prestige/vendor/laravel/framework/src/Illuminate/Pipeline/Pipeline.php(219): Illuminate/Session/Middleware/StartSession->handle(Object(Illuminate/Http/Request), Object(Closure))
#24 C:/wamp64/www/elaeis-prestige/vendor/laravel/framework/src/Illuminate/Cookie/Middleware/AddQueuedCookiesToResponse.php(36): Illuminate/Pipeline/Pipeline->Illuminate/Pipeline/{closure}(Object(Illuminate/Http/Request))
#25 C:/wamp64/www/elaeis-prestige/vendor/laravel/framework/src/Illuminate/Pipeline/Pipeline.php(219): Illuminate/Cookie/Middleware/AddQueuedCookiesToResponse->handle(Object(Illuminate/Http/Request), Object(Closure))
#26 C:/wamp64/www/elaeis-prestige/vendor/laravel/framework/src/Illuminate/Cookie/Middleware/EncryptCookies.php(74): Illuminate/Pipeline/Pipeline->Illuminate/Pipeline/{closure}(Object(Illuminate/Http/Request))
#27 C:/wamp64/www/elaeis-prestige/vendor/laravel/framework/src/Illuminate/Pipeline/Pipeline.php(219): Illuminate/Cookie/Middleware/EncryptCookies->handle(Object(Illuminate/Http/Request), Object(Closure))
#28 C:/wamp64/www/elaeis-prestige/vendor/laravel/framework/src/Illuminate/Pipeline/Pipeline.php(137): Illuminate/Pipeline/Pipeline->Illuminate/Pipeline/{closure}(Object(Illuminate/Http/Request))
#29 C:/wamp64/www/elaeis-prestige/vendor/laravel/framework/src/Illuminate/Routing/Router.php(821): Illuminate/Pipeline/Pipeline->then(Object(Closure))
#30 C:/wamp64/www/elaeis-prestige/vendor/laravel/framework/src/Illuminate/Routing/Router.php(800): Illuminate/Routing/Router->runRouteWithinStack(Object(Illuminate/Routing/Route), Object(Illuminate/Http/Request))
#31 C:/wamp64/www/elaeis-prestige/vendor/laravel/framework/src/Illuminate/Routing/Router.php(764): Illuminate/Routing/Router->runRoute(Object(Illuminate/Http/Request), Object(Illuminate/Routing/Route))
#32 C:/wamp64/www/elaeis-prestige/vendor/laravel/framework/src/Illuminate/Routing/Router.php(753): Illuminate/Routing/Router->dispatchToRoute(Object(Illuminate/Http/Request))
#33 C:/wamp64/www/elaeis-prestige/vendor/laravel/framework/src/Illuminate/Foundation/Http/Kernel.php(200): Illuminate/Routing/Router->dispatch(Object(Illuminate/Http/Request))
#34 C:/wamp64/www/elaeis-prestige/vendor/laravel/framework/src/Illuminate/Pipeline/Pipeline.php(180): Illuminate/Foundation/Http/Kernel->Illuminate/Foundation/Http/{closure}(Object(Illuminate/Http/Request))
#35 C:/wamp64/www/elaeis-prestige/vendor/livewire/livewire/src/Features/SupportDisablingBackButtonCache/DisableBackButtonCacheMiddleware.php(19): Illuminate/Pipeline/Pipeline->Illuminate/Pipeline/{closure}(Object(Illuminate/Http/Request))
#36 C:/wamp64/www/elaeis-prestige/vendor/laravel/framework/src/Illuminate/Pipeline/Pipeline.php(219): Livewire/Features/SupportDisablingBackButtonCache/DisableBackButtonCacheMiddleware->handle(Object(Illuminate/Http/Request), Object(Closure))
#37 C:/wamp64/www/elaeis-prestige/vendor/laravel/framework/src/Illuminate/Foundation/Http/Middleware/TransformsRequest.php(21): Illuminate/Pipeline/Pipeline->Illuminate/Pipeline/{closure}(Object(Illuminate/Http/Request))
#38 C:/wamp64/www/elaeis-prestige/vendor/laravel/framework/src/Illuminate/Foundation/Http/Middleware/ConvertEmptyStringsToNull.php(31): Illuminate/Foundation/Http/Middleware/TransformsRequest->handle(Object(Illuminate/Http/Request), Object(Closure))
#39 C:/wamp64/www/elaeis-prestige/vendor/laravel/framework/src/Illuminate/Pipeline/Pipeline.php(219): Illuminate/Foundation/Http/Middleware/ConvertEmptyStringsToNull->handle(Object(Illuminate/Http/Request), Object(Closure))
#40 C:/wamp64/www/elaeis-prestige/vendor/laravel/framework/src/Illuminate/Foundation/Http/Middleware/TransformsRequest.php(21): Illuminate/Pipeline/Pipeline->Illuminate/Pipeline/{closure}(Object(Illuminate/Http/Request))
#41 C:/wamp64/www/elaeis-prestige/vendor/laravel/framework/src/Illuminate/Foundation/Http/Middleware/TrimStrings.php(51): Illuminate/Foundation/Http/Middleware/TransformsRequest->handle(Object(Illuminate/Http/Request), Object(Closure))
#42 C:/wamp64/www/elaeis-prestige/vendor/laravel/framework/src/Illuminate/Pipeline/Pipeline.php(219): Illuminate/Foundation/Http/Middleware/TrimStrings->handle(Object(Illuminate/Http/Request), Object(Closure))
#43 C:/wamp64/www/elaeis-prestige/vendor/laravel/framework/src/Illuminate/Http/Middleware/ValidatePostSize.php(27): Illuminate/Pipeline/Pipeline->Illuminate/Pipeline/{closure}(Object(Illuminate/Http/Request))
#44 C:/wamp64/www/elaeis-prestige/vendor/laravel/framework/src/Illuminate/Pipeline/Pipeline.php(219): Illuminate/Http/Middleware/ValidatePostSize->handle(Object(Illuminate/Http/Request), Object(Closure))
#45 C:/wamp64/www/elaeis-prestige/vendor/laravel/framework/src/Illuminate/Foundation/Http/Middleware/PreventRequestsDuringMaintenance.php(109): Illuminate/Pipeline/Pipeline->Illuminate/Pipeline/{closure}(Object(Illuminate/Http/Request))
#46 C:/wamp64/www/elaeis-prestige/vendor/laravel/framework/src/Illuminate/Pipeline/Pipeline.php(219): Illuminate/Foundation/Http/Middleware/PreventRequestsDuringMaintenance->handle(Object(Illuminate/Http/Request), Object(Closure))
#47 C:/wamp64/www/elaeis-prestige/vendor/laravel/framework/src/Illuminate/Http/Middleware/HandleCors.php(61): Illuminate/Pipeline/Pipeline->Illuminate/Pipeline/{closure}(Object(Illuminate/Http/Request))
#48 C:/wamp64/www/elaeis-prestige/vendor/laravel/framework/src/Illuminate/Pipeline/Pipeline.php(219): Illuminate/Http/Middleware/HandleCors->handle(Object(Illuminate/Http/Request), Object(Closure))
#49 C:/wamp64/www/elaeis-prestige/vendor/laravel/framework/src/Illuminate/Http/Middleware/TrustProxies.php(58): Illuminate/Pipeline/Pipeline->Illuminate/Pipeline/{closure}(Object(Illuminate/Http/Request))
#50 C:/wamp64/www/elaeis-prestige/vendor/laravel/framework/src/Illuminate/Pipeline/Pipeline.php(219): Illuminate/Http/Middleware/TrustProxies->handle(Object(Illuminate/Http/Request), Object(Closure))
#51 C:/wamp64/www/elaeis-prestige/vendor/laravel/framework/src/Illuminate/Foundation/Http/Middleware/InvokeDeferredCallbacks.php(22): Illuminate/Pipeline/Pipeline->Illuminate/Pipeline/{closure}(Object(Illuminate/Http/Request))
#52 C:/wamp64/www/elaeis-prestige/vendor/laravel/framework/src/Illuminate/Pipeline/Pipeline.php(219): Illuminate/Foundation/Http/Middleware/InvokeDeferredCallbacks->handle(Object(Illuminate/Http/Request), Object(Closure))
#53 C:/wamp64/www/elaeis-prestige/vendor/laravel/framework/src/Illuminate/Http/Middleware/ValidatePathEncoding.php(26): Illuminate/Pipeline/Pipeline->Illuminate/Pipeline/{closure}(Object(Illuminate/Http/Request))
#54 C:/wamp64/www/elaeis-prestige/vendor/laravel/framework/src/Illuminate/Pipeline/Pipeline.php(219): Illuminate/Http/Middleware/ValidatePathEncoding->handle(Object(Illuminate/Http/Request), Object(Closure))
#55 C:/wamp64/www/elaeis-prestige/vendor/laravel/framework/src/Illuminate/Pipeline/Pipeline.php(137): Illuminate/Pipeline/Pipeline->Illuminate/Pipeline/{closure}(Object(Illuminate/Http/Request))
#56 C:/wamp64/www/elaeis-prestige/vendor/laravel/framework/src/Illuminate/Foundation/Http/Kernel.php(175): Illuminate/Pipeline/Pipeline->then(Object(Closure))
#57 C:/wamp64/www/elaeis-prestige/vendor/laravel/framework/src/Illuminate/Foundation/Http/Kernel.php(144): Illuminate/Foundation/Http/Kernel->sendRequestThroughRouter(Object(Illuminate/Http/Request))
#58 C:/wamp64/www/elaeis-prestige/vendor/laravel/framework/src/Illuminate/Foundation/Application.php(1220): Illuminate/Foundation/Http/Kernel->handle(Object(Illuminate/Http/Request))
#59 C:/wamp64/www/elaeis-prestige/public/index.php(20): Illuminate/Foundation/Application->handleRequest(Object(Illuminate/Http/Request))
#60 C:/wamp64/www/elaeis-prestige/vendor/laravel/framework/src/Illuminate/Foundation/resources/server.php(23): require_once('C://wamp64//www//e...')
#61 {main}

[previous exception] [object] (ErrorException(code: 0): Undefined array key 2 at C:/wamp64/www/elaeis-prestige/storage/framework/views/c83668ac81ce8ecd30983a60031b0700.php:100)
[stacktrace]
#0 C:/wamp64/www/elaeis-prestige/vendor/laravel/framework/src/Illuminate/Foundation/Bootstrap/HandleExceptions.php(262): Illuminate/Foundation/Bootstrap/HandleExceptions->handleError(2, 'Undefined array...', 'C://wamp64//www//e...', 100)
#1 C:/wamp64/www/elaeis-prestige/storage/framework/views/c83668ac81ce8ecd30983a60031b0700.php(100): Illuminate/Foundation/Bootstrap/HandleExceptions->Illuminate/Foundation/Bootstrap/{closure}(2, 'Undefined array...', 'C://wamp64//www//e...', 100)
#2 C:/wamp64/www/elaeis-prestige/vendor/laravel/framework/src/Illuminate/Filesystem/Filesystem.php(123): require('C://wamp64//www//e...')
#3 C:/wamp64/www/elaeis-prestige/vendor/laravel/framework/src/Illuminate/Filesystem/Filesystem.php(124): Illuminate/Filesystem/Filesystem::Illuminate/Filesystem/{closure}()
#4 C:/wamp64/www/elaeis-prestige/vendor/laravel/framework/src/Illuminate/View/Engines/PhpEngine.php(57): Illuminate/Filesystem/Filesystem->getRequire('C://wamp64//www//e...', Array)
#5 C:/wamp64/www/elaeis-prestige/vendor/livewire/livewire/src/Mechanisms/ExtendBlade/ExtendedCompilerEngine.php(22): Illuminate/View/Engines/PhpEngine->evaluatePath('C://wamp64//www//e...', Array)
#6 C:/wamp64/www/elaeis-prestige/vendor/laravel/framework/src/Illuminate/View/Engines/CompilerEngine.php(76): Livewire/Mechanisms/ExtendBlade/ExtendedCompilerEngine->evaluatePath('C://wamp64//www//e...', Array)
#7 C:/wamp64/www/elaeis-prestige/vendor/livewire/livewire/src/Mechanisms/ExtendBlade/ExtendedCompilerEngine.php(10): Illuminate/View/Engines/CompilerEngine->get('C://wamp64//www//e...', Array)
#8 C:/wamp64/www/elaeis-prestige/vendor/laravel/framework/src/Illuminate/View/View.php(208): Livewire/Mechanisms/ExtendBlade/ExtendedCompilerEngine->get('C://wamp64//www//e...', Array)
#9 C:/wamp64/www/elaeis-prestige/vendor/laravel/framework/src/Illuminate/View/View.php(191): Illuminate/View/View->getContents()
#10 C:/wamp64/www/elaeis-prestige/vendor/laravel/framework/src/Illuminate/View/View.php(160): Illuminate/View/View->renderContents()
#11 C:/wamp64/www/elaeis-prestige/vendor/laravel/framework/src/Illuminate/Http/Response.php(78): Illuminate/View/View->render()
#12 C:/wamp64/www/elaeis-prestige/vendor/laravel/framework/src/Illuminate/Http/Response.php(34): Illuminate/Http/Response->setContent(Object(Illuminate/View/View))
#13 C:/wamp64/www/elaeis-prestige/vendor/laravel/framework/src/Illuminate/Routing/Router.php(939): Illuminate/Http/Response->__construct(Object(Illuminate/View/View), 200, Array)
#14 C:/wamp64/www/elaeis-prestige/vendor/laravel/framework/src/Illuminate/Routing/Router.php(906): Illuminate/Routing/Router::toResponse(Object(Illuminate/Http/Request), Object(Illuminate/View/View))
#15 C:/wamp64/www/elaeis-prestige/vendor/laravel/framework/src/Illuminate/Routing/Router.php(821): Illuminate/Routing/Router->prepareResponse(Object(Illuminate/Http/Request), Object(Illuminate/View/View))
#16 C:/wamp64/www/elaeis-prestige/vendor/laravel/framework/src/Illuminate/Pipeline/Pipeline.php(180): Illuminate/Routing/Router->Illuminate/Routing/{closure}(Object(Illuminate/Http/Request))
#17 C:/wamp64/www/elaeis-prestige/vendor/laravel/framework/src/Illuminate/Routing/Middleware/SubstituteBindings.php(50): Illuminate/Pipeline/Pipeline->Illuminate/Pipeline/{closure}(Object(Illuminate/Http/Request))
#18 C:/wamp64/www/elaeis-prestige/vendor/laravel/framework/src/Illuminate/Pipeline/Pipeline.php(219): Illuminate/Routing/Middleware/SubstituteBindings->handle(Object(Illuminate/Http/Request), Object(Closure))
#19 C:/wamp64/www/elaeis-prestige/vendor/laravel/framework/src/Illuminate/Foundation/Http/Middleware/VerifyCsrfToken.php(87): Illuminate/Pipeline/Pipeline->Illuminate/Pipeline/{closure}(Object(Illuminate/Http/Request))
#20 C:/wamp64/www/elaeis-prestige/vendor/laravel/framework/src/Illuminate/Pipeline/Pipeline.php(219): Illuminate/Foundation/Http/Middleware/VerifyCsrfToken->handle(Object(Illuminate/Http/Request), Object(Closure))
#21 C:/wamp64/www/elaeis-prestige/vendor/laravel/framework/src/Illuminate/View/Middleware/ShareErrorsFromSession.php(48): Illuminate/Pipeline/Pipeline->Illuminate/Pipeline/{closure}(Object(Illuminate/Http/Request))
#22 C:/wamp64/www/elaeis-prestige/vendor/laravel/framework/src/Illuminate/Pipeline/Pipeline.php(219): Illuminate/View/Middleware/ShareErrorsFromSession->handle(Object(Illuminate/Http/Request), Object(Closure))
#23 C:/wamp64/www/elaeis-prestige/vendor/laravel/framework/src/Illuminate/Session/Middleware/StartSession.php(120): Illuminate/Pipeline/Pipeline->Illuminate/Pipeline/{closure}(Object(Illuminate/Http/Request))
#24 C:/wamp64/www/elaeis-prestige/vendor/laravel/framework/src/Illuminate/Session/Middleware/StartSession.php(63): Illuminate/Session/Middleware/StartSession->handleStatefulRequest(Object(Illuminate/Http/Request), Object(Illuminate/Session/Store), Object(Closure))
#25 C:/wamp64/www/elaeis-prestige/vendor/laravel/framework/src/Illuminate/Pipeline/Pipeline.php(219): Illuminate/Session/Middleware/StartSession->handle(Object(Illuminate/Http/Request), Object(Closure))
#26 C:/wamp64/www/elaeis-prestige/vendor/laravel/framework/src/Illuminate/Cookie/Middleware/AddQueuedCookiesToResponse.php(36): Illuminate/Pipeline/Pipeline->Illuminate/Pipeline/{closure}(Object(Illuminate/Http/Request))
#27 C:/wamp64/www/elaeis-prestige/vendor/laravel/framework/src/Illuminate/Pipeline/Pipeline.php(219): Illuminate/Cookie/Middleware/AddQueuedCookiesToResponse->handle(Object(Illuminate/Http/Request), Object(Closure))
#28 C:/wamp64/www/elaeis-prestige/vendor/laravel/framework/src/Illuminate/Cookie/Middleware/EncryptCookies.php(74): Illuminate/Pipeline/Pipeline->Illuminate/Pipeline/{closure}(Object(Illuminate/Http/Request))
#29 C:/wamp64/www/elaeis-prestige/vendor/laravel/framework/src/Illuminate/Pipeline/Pipeline.php(219): Illuminate/Cookie/Middleware/EncryptCookies->handle(Object(Illuminate/Http/Request), Object(Closure))
#30 C:/wamp64/www/elaeis-prestige/vendor/laravel/framework/src/Illuminate/Pipeline/Pipeline.php(137): Illuminate/Pipeline/Pipeline->Illuminate/Pipeline/{closure}(Object(Illuminate/Http/Request))
#31 C:/wamp64/www/elaeis-prestige/vendor/laravel/framework/src/Illuminate/Routing/Router.php(821): Illuminate/Pipeline/Pipeline->then(Object(Closure))
#32 C:/wamp64/www/elaeis-prestige/vendor/laravel/framework/src/Illuminate/Routing/Router.php(800): Illuminate/Routing/Router->runRouteWithinStack(Object(Illuminate/Routing/Route), Object(Illuminate/Http/Request))
#33 C:/wamp64/www/elaeis-prestige/vendor/laravel/framework/src/Illuminate/Routing/Router.php(764): Illuminate/Routing/Router->runRoute(Object(Illuminate/Http/Request), Object(Illuminate/Routing/Route))
#34 C:/wamp64/www/elaeis-prestige/vendor/laravel/framework/src/Illuminate/Routing/Router.php(753): Illuminate/Routing/Router->dispatchToRoute(Object(Illuminate/Http/Request))
#35 C:/wamp64/www/elaeis-prestige/vendor/laravel/framework/src/Illuminate/Foundation/Http/Kernel.php(200): Illuminate/Routing/Router->dispatch(Object(Illuminate/Http/Request))
#36 C:/wamp64/www/elaeis-prestige/vendor/laravel/framework/src/Illuminate/Pipeline/Pipeline.php(180): Illuminate/Foundation/Http/Kernel->Illuminate/Foundation/Http/{closure}(Object(Illuminate/Http/Request))
#37 C:/wamp64/www/elaeis-prestige/vendor/livewire/livewire/src/Features/SupportDisablingBackButtonCache/DisableBackButtonCacheMiddleware.php(19): Illuminate/Pipeline/Pipeline->Illuminate/Pipeline/{closure}(Object(Illuminate/Http/Request))
#38 C:/wamp64/www/elaeis-prestige/vendor/laravel/framework/src/Illuminate/Pipeline/Pipeline.php(219): Livewire/Features/SupportDisablingBackButtonCache/DisableBackButtonCacheMiddleware->handle(Object(Illuminate/Http/Request), Object(Closure))
#39 C:/wamp64/www/elaeis-prestige/vendor/laravel/framework/src/Illuminate/Foundation/Http/Middleware/TransformsRequest.php(21): Illuminate/Pipeline/Pipeline->Illuminate/Pipeline/{closure}(Object(Illuminate/Http/Request))
#40 C:/wamp64/www/elaeis-prestige/vendor/laravel/framework/src/Illuminate/Foundation/Http/Middleware/ConvertEmptyStringsToNull.php(31): Illuminate/Foundation/Http/Middleware/TransformsRequest->handle(Object(Illuminate/Http/Request), Object(Closure))
#41 C:/wamp64/www/elaeis-prestige/vendor/laravel/framework/src/Illuminate/Pipeline/Pipeline.php(219): Illuminate/Foundation/Http/Middleware/ConvertEmptyStringsToNull->handle(Object(Illuminate/Http/Request), Object(Closure))
#42 C:/wamp64/www/elaeis-prestige/vendor/laravel/framework/src/Illuminate/Foundation/Http/Middleware/TransformsRequest.php(21): Illuminate/Pipeline/Pipeline->Illuminate/Pipeline/{closure}(Object(Illuminate/Http/Request))
#43 C:/wamp64/www/elaeis-prestige/vendor/laravel/framework/src/Illuminate/Foundation/Http/Middleware/TrimStrings.php(51): Illuminate/Foundation/Http/Middleware/TransformsRequest->handle(Object(Illuminate/Http/Request), Object(Closure))
#44 C:/wamp64/www/elaeis-prestige/vendor/laravel/framework/src/Illuminate/Pipeline/Pipeline.php(219): Illuminate/Foundation/Http/Middleware/TrimStrings->handle(Object(Illuminate/Http/Request), Object(Closure))
#45 C:/wamp64/www/elaeis-prestige/vendor/laravel/framework/src/Illuminate/Http/Middleware/ValidatePostSize.php(27): Illuminate/Pipeline/Pipeline->Illuminate/Pipeline/{closure}(Object(Illuminate/Http/Request))
#46 C:/wamp64/www/elaeis-prestige/vendor/laravel/framework/src/Illuminate/Pipeline/Pipeline.php(219): Illuminate/Http/Middleware/ValidatePostSize->handle(Object(Illuminate/Http/Request), Object(Closure))
#47 C:/wamp64/www/elaeis-prestige/vendor/laravel/framework/src/Illuminate/Foundation/Http/Middleware/PreventRequestsDuringMaintenance.php(109): Illuminate/Pipeline/Pipeline->Illuminate/Pipeline/{closure}(Object(Illuminate/Http/Request))
#48 C:/wamp64/www/elaeis-prestige/vendor/laravel/framework/src/Illuminate/Pipeline/Pipeline.php(219): Illuminate/Foundation/Http/Middleware/PreventRequestsDuringMaintenance->handle(Object(Illuminate/Http/Request), Object(Closure))
#49 C:/wamp64/www/elaeis-prestige/vendor/laravel/framework/src/Illuminate/Http/Middleware/HandleCors.php(61): Illuminate/Pipeline/Pipeline->Illuminate/Pipeline/{closure}(Object(Illuminate/Http/Request))
#50 C:/wamp64/www/elaeis-prestige/vendor/laravel/framework/src/Illuminate/Pipeline/Pipeline.php(219): Illuminate/Http/Middleware/HandleCors->handle(Object(Illuminate/Http/Request), Object(Closure))
#51 C:/wamp64/www/elaeis-prestige/vendor/laravel/framework/src/Illuminate/Http/Middleware/TrustProxies.php(58): Illuminate/Pipeline/Pipeline->Illuminate/Pipeline/{closure}(Object(Illuminate/Http/Request))
#52 C:/wamp64/www/elaeis-prestige/vendor/laravel/framework/src/Illuminate/Pipeline/Pipeline.php(219): Illuminate/Http/Middleware/TrustProxies->handle(Object(Illuminate/Http/Request), Object(Closure))
#53 C:/wamp64/www/elaeis-prestige/vendor/laravel/framework/src/Illuminate/Foundation/Http/Middleware/InvokeDeferredCallbacks.php(22): Illuminate/Pipeline/Pipeline->Illuminate/Pipeline/{closure}(Object(Illuminate/Http/Request))
#54 C:/wamp64/www/elaeis-prestige/vendor/laravel/framework/src/Illuminate/Pipeline/Pipeline.php(219): Illuminate/Foundation/Http/Middleware/InvokeDeferredCallbacks->handle(Object(Illuminate/Http/Request), Object(Closure))
#55 C:/wamp64/www/elaeis-prestige/vendor/laravel/framework/src/Illuminate/Http/Middleware/ValidatePathEncoding.php(26): Illuminate/Pipeline/Pipeline->Illuminate/Pipeline/{closure}(Object(Illuminate/Http/Request))
#56 C:/wamp64/www/elaeis-prestige/vendor/laravel/framework/src/Illuminate/Pipeline/Pipeline.php(219): Illuminate/Http/Middleware/ValidatePathEncoding->handle(Object(Illuminate/Http/Request), Object(Closure))
#57 C:/wamp64/www/elaeis-prestige/vendor/laravel/framework/src/Illuminate/Pipeline/Pipeline.php(137): Illuminate/Pipeline/Pipeline->Illuminate/Pipeline/{closure}(Object(Illuminate/Http/Request))
#58 C:/wamp64/www/elaeis-prestige/vendor/laravel/framework/src/Illuminate/Foundation/Http/Kernel.php(175): Illuminate/Pipeline/Pipeline->then(Object(Closure))
#59 C:/wamp64/www/elaeis-prestige/vendor/laravel/framework/src/Illuminate/Foundation/Http/Kernel.php(144): Illuminate/Foundation/Http/Kernel->sendRequestThroughRouter(Object(Illuminate/Http/Request))
#60 C:/wamp64/www/elaeis-prestige/vendor/laravel/framework/src/Illuminate/Foundation/Application.php(1220): Illuminate/Foundation/Http/Kernel->handle(Object(Illuminate/Http/Request))
#61 C:/wamp64/www/elaeis-prestige/public/index.php(20): Illuminate/Foundation/Application->handleRequest(Object(Illuminate/Http/Request))
#62 C:/wamp64/www/elaeis-prestige/vendor/laravel/framework/src/Illuminate/Foundation/resources/server.php(23): require_once('C://wamp64//www//e...')
#63 {main}
"} 
[2026-09-29 12:34:30] local.ERROR: Maximum execution time of 60 seconds exceeded {"exception":"[object] (Symfony\\Component\\ErrorHandler\\Error\\FatalError(code: 0): Maximum execution time of 60 seconds exceeded at C:/wamp64/www/elaeis-prestige/storage/framework/views/412990f1e4a7487688b7d67eb4f925d0.php:1)
[stacktrace]
#0 C:/wamp64/www/elaeis-prestige/vendor/laravel/framework/src/Illuminate/Foundation/Bootstrap/HandleExceptions.php(251): Symfony/Component/ErrorHandler/Error/FatalError->__construct(message: ''Maximum execut...', code: '0', error: '['type' => 1, '...', traceOffset: '0', traceArgs: '???', trace: '???')
#1 C:/wamp64/www/elaeis-prestige/vendor/laravel/framework/src/Illuminate/Foundation/Bootstrap/HandleExceptions.php(238): Illuminate/Foundation/Bootstrap/HandleExceptions->fatalErrorFromPhpError(error: '['type' => 1, '...', traceOffset: '0')
#2 C:/wamp64/www/elaeis-prestige/vendor/laravel/framework/src/Illuminate/Foundation/Bootstrap/HandleExceptions.php(262): Illuminate/Foundation/Bootstrap/HandleExceptions->handleShutdown()
#3 C:/wamp64/www/elaeis-prestige/vendor/laravel/framework/src/Illuminate/Foundation/Bootstrap/HandleExceptions.php(0): Illuminate/Foundation/Bootstrap/HandleExceptions->Illuminate/Foundation/Bootstrap/{closure:C:/wamp64/www/elaeis-prestige/vendor/laravel/framework/src/Illuminate/Foundation/Bootstrap/HandleExceptions.php:261-263}()
#4 C:/wamp64/www/elaeis-prestige/vendor/laravel/framework/src/Illuminate/Filesystem/Filesystem.php(123): Illuminate/Filesystem/Filesystem->()
#5 C:/wamp64/www/elaeis-prestige/vendor/laravel/framework/src/Illuminate/Filesystem/Filesystem.php(124): Illuminate/Filesystem/Filesystem::Illuminate/Filesystem/{closure:C:/wamp64/www/elaeis-prestige/vendor/laravel/framework/src/Illuminate/Filesystem/Filesystem.php:120-124}()
#6 C:/wamp64/www/elaeis-prestige/vendor/laravel/framework/src/Illuminate/View/Engines/PhpEngine.php(57): Illuminate/Filesystem/Filesystem->getRequire(path: ''C:////wamp64////ww...', data: '['__env' => cla...')
#7 C:/wamp64/www/elaeis-prestige/vendor/livewire/livewire/src/Mechanisms/ExtendBlade/ExtendedCompilerEngine.php(22): Livewire/Mechanisms/ExtendBlade/ExtendedCompilerEngine->evaluatePath(path: ''C:////wamp64////ww...', data: '['__env' => cla...')
#8 C:/wamp64/www/elaeis-prestige/vendor/laravel/framework/src/Illuminate/View/Engines/CompilerEngine.php(76): Livewire/Mechanisms/ExtendBlade/ExtendedCompilerEngine->evaluatePath(__path: ''C:////wamp64////ww...', __data: '['__env' => cla...')
#9 C:/wamp64/www/elaeis-prestige/vendor/livewire/livewire/src/Mechanisms/ExtendBlade/ExtendedCompilerEngine.php(10): Livewire/Mechanisms/ExtendBlade/ExtendedCompilerEngine->get(path: ''C:////wamp64////ww...', data: '['__env' => cla...')
#10 C:/wamp64/www/elaeis-prestige/vendor/laravel/framework/src/Illuminate/View/View.php(208): Livewire/Mechanisms/ExtendBlade/ExtendedCompilerEngine->get(path: ''C:////wamp64////ww...', data: '['__env' => cla...')
#11 C:/wamp64/www/elaeis-prestige/vendor/laravel/framework/src/Illuminate/View/View.php(191): Illuminate/View/View->getContents()
#12 C:/wamp64/www/elaeis-prestige/vendor/laravel/framework/src/Illuminate/View/View.php(160): Illuminate/View/View->renderContents()
#13 C:/wamp64/www/elaeis-prestige/vendor/laravel/framework/src/Illuminate/View/Concerns/ManagesComponents.php(103): Illuminate/View/View->render(callback: '???')
#14 C:/wamp64/www/elaeis-prestige/storage/framework/views/cdac62a1263c9dbfb1f0dd36532e6cf8.php(51): Illuminate/View/Factory->renderComponent()
#15 C:/wamp64/www/elaeis-prestige/vendor/laravel/framework/src/Illuminate/Filesystem/Filesystem.php(123): Illuminate/Filesystem/Filesystem->()
#16 C:/wamp64/www/elaeis-prestige/vendor/laravel/framework/src/Illuminate/Filesystem/Filesystem.php(124): Illuminate/Filesystem/Filesystem::Illuminate/Filesystem/{closure:C:/wamp64/www/elaeis-prestige/vendor/laravel/framework/src/Illuminate/Filesystem/Filesystem.php:120-124}()
#17 C:/wamp64/www/elaeis-prestige/vendor/laravel/framework/src/Illuminate/View/Engines/PhpEngine.php(57): Illuminate/Filesystem/Filesystem->getRequire(path: ''C:////wamp64////ww...', data: '['__env' => cla...')
#18 C:/wamp64/www/elaeis-prestige/vendor/livewire/livewire/src/Mechanisms/ExtendBlade/ExtendedCompilerEngine.php(22): Livewire/Mechanisms/ExtendBlade/ExtendedCompilerEngine->evaluatePath(path: ''C:////wamp64////ww...', data: '['__env' => cla...')
#19 C:/wamp64/www/elaeis-prestige/vendor/laravel/framework/src/Illuminate/View/Engines/CompilerEngine.php(76): Livewire/Mechanisms/ExtendBlade/ExtendedCompilerEngine->evaluatePath(__path: ''C:////wamp64////ww...', __data: '['__env' => cla...')
#20 C:/wamp64/www/elaeis-prestige/vendor/livewire/livewire/src/Mechanisms/ExtendBlade/ExtendedCompilerEngine.php(10): Livewire/Mechanisms/ExtendBlade/ExtendedCompilerEngine->get(path: ''C:////wamp64////ww...', data: '['__env' => cla...')
#21 C:/wamp64/www/elaeis-prestige/vendor/laravel/framework/src/Illuminate/View/View.php(208): Livewire/Mechanisms/ExtendBlade/ExtendedCompilerEngine->get(path: ''C:////wamp64////ww...', data: '['__env' => cla...')
#22 C:/wamp64/www/elaeis-prestige/vendor/laravel/framework/src/Illuminate/View/View.php(191): Illuminate/View/View->getContents()
#23 C:/wamp64/www/elaeis-prestige/vendor/laravel/framework/src/Illuminate/View/View.php(160): Illuminate/View/View->renderContents()
#24 C:/wamp64/www/elaeis-prestige/storage/framework/views/c83668ac81ce8ecd30983a60031b0700.php(233): Illuminate/View/View->render(callback: '???')
#25 C:/wamp64/www/elaeis-prestige/vendor/laravel/framework/src/Illuminate/Filesystem/Filesystem.php(123): Illuminate/Filesystem/Filesystem->()
#26 C:/wamp64/www/elaeis-prestige/vendor/laravel/framework/src/Illuminate/Filesystem/Filesystem.php(124): Illuminate/Filesystem/Filesystem::Illuminate/Filesystem/{closure:C:/wamp64/www/elaeis-prestige/vendor/laravel/framework/src/Illuminate/Filesystem/Filesystem.php:120-124}()
#27 C:/wamp64/www/elaeis-prestige/vendor/laravel/framework/src/Illuminate/View/Engines/PhpEngine.php(57): Illuminate/Filesystem/Filesystem->getRequire(path: ''C:////wamp64////ww...', data: '['__env' => cla...')
#28 C:/wamp64/www/elaeis-prestige/vendor/livewire/livewire/src/Mechanisms/ExtendBlade/ExtendedCompilerEngine.php(22): Livewire/Mechanisms/ExtendBlade/ExtendedCompilerEngine->evaluatePath(path: ''C:////wamp64////ww...', data: '['__env' => cla...')
#29 C:/wamp64/www/elaeis-prestige/vendor/laravel/framework/src/Illuminate/View/Engines/CompilerEngine.php(76): Livewire/Mechanisms/ExtendBlade/ExtendedCompilerEngine->evaluatePath(__path: ''C:////wamp64////ww...', __data: '['__env' => cla...')
#30 C:/wamp64/www/elaeis-prestige/vendor/livewire/livewire/src/Mechanisms/ExtendBlade/ExtendedCompilerEngine.php(10): Livewire/Mechanisms/ExtendBlade/ExtendedCompilerEngine->get(path: ''C:////wamp64////ww...', data: '['__env' => cla...')
#31 C:/wamp64/www/elaeis-prestige/vendor/laravel/framework/src/Illuminate/View/View.php(208): Livewire/Mechanisms/ExtendBlade/ExtendedCompilerEngine->get(path: ''C:////wamp64////ww...', data: '['__env' => cla...')
#32 C:/wamp64/www/elaeis-prestige/vendor/laravel/framework/src/Illuminate/View/View.php(191): Illuminate/View/View->getContents()
#33 C:/wamp64/www/elaeis-prestige/vendor/laravel/framework/src/Illuminate/View/View.php(160): Illuminate/View/View->renderContents()
#34 C:/wamp64/www/elaeis-prestige/vendor/laravel/framework/src/Illuminate/Http/Response.php(78): Illuminate/View/View->render(callback: '???')
#35 C:/wamp64/www/elaeis-prestige/vendor/laravel/framework/src/Illuminate/Http/Response.php(34): Illuminate/Http/Response->setContent(content: 'class Illuminat...')
#36 C:/wamp64/www/elaeis-prestige/vendor/laravel/framework/src/Illuminate/Routing/Router.php(939): Illuminate/Http/Response->__construct(content: 'class Illuminat...', status: '200', headers: '['Content-Type'...')
#37 C:/wamp64/www/elaeis-prestige/vendor/laravel/framework/src/Illuminate/Routing/Router.php(906): Illuminate/Routing/Router::toResponse(request: 'class Illuminat...', response: 'class Illuminat...')
#38 C:/wamp64/www/elaeis-prestige/vendor/laravel/framework/src/Illuminate/Routing/Router.php(821): Illuminate/Routing/Router->prepareResponse(request: 'class Illuminat...', response: 'class Illuminat...')
#39 C:/wamp64/www/elaeis-prestige/vendor/laravel/framework/src/Illuminate/Pipeline/Pipeline.php(180): Illuminate/Routing/Router->Illuminate/Routing/{closure:C:/wamp64/www/elaeis-prestige/vendor/laravel/framework/src/Illuminate/Routing/Router.php:821-823}(request: 'class Illuminat...')
#40 C:/wamp64/www/elaeis-prestige/vendor/laravel/framework/src/Illuminate/Routing/Middleware/SubstituteBindings.php(50): Illuminate/Routing/Pipeline->Illuminate/Pipeline/{closure:C:/wamp64/www/elaeis-prestige/vendor/laravel/framework/src/Illuminate/Pipeline/Pipeline.php:178-184}(passable: 'class Illuminat...')
#41 C:/wamp64/www/elaeis-prestige/vendor/laravel/framework/src/Illuminate/Pipeline/Pipeline.php(219): Illuminate/Routing/Middleware/SubstituteBindings->handle(request: 'class Illuminat...', next: 'class Closure {...')
#42 C:/wamp64/www/elaeis-prestige/vendor/laravel/framework/src/Illuminate/Foundation/Http/Middleware/VerifyCsrfToken.php(87): Illuminate/Routing/Pipeline->Illuminate/Pipeline/{closure:C:/wamp64/www/elaeis-prestige/vendor/laravel/framework/src/Illuminate/Pipeline/Pipeline.php:195-226}(passable: 'class Illuminat...')
#43 C:/wamp64/www/elaeis-prestige/vendor/laravel/framework/src/Illuminate/Pipeline/Pipeline.php(219): Illuminate/Foundation/Http/Middleware/ValidateCsrfToken->handle(request: 'class Illuminat...', next: 'class Closure {...')
#44 C:/wamp64/www/elaeis-prestige/vendor/laravel/framework/src/Illuminate/View/Middleware/ShareErrorsFromSession.php(48): Illuminate/Routing/Pipeline->Illuminate/Pipeline/{closure:C:/wamp64/www/elaeis-prestige/vendor/laravel/framework/src/Illuminate/Pipeline/Pipeline.php:195-226}(passable: 'class Illuminat...')
#45 C:/wamp64/www/elaeis-prestige/vendor/laravel/framework/src/Illuminate/Pipeline/Pipeline.php(219): Illuminate/View/Middleware/ShareErrorsFromSession->handle(request: 'class Illuminat...', next: 'class Closure {...')
#46 C:/wamp64/www/elaeis-prestige/vendor/laravel/framework/src/Illuminate/Session/Middleware/StartSession.php(120): Illuminate/Routing/Pipeline->Illuminate/Pipeline/{closure:C:/wamp64/www/elaeis-prestige/vendor/laravel/framework/src/Illuminate/Pipeline/Pipeline.php:195-226}(passable: 'class Illuminat...')
#47 C:/wamp64/www/elaeis-prestige/vendor/laravel/framework/src/Illuminate/Session/Middleware/StartSession.php(63): Illuminate/Session/Middleware/StartSession->handleStatefulRequest(request: 'class Illuminat...', session: 'class Illuminat...', next: 'class Closure {...')
#48 C:/wamp64/www/elaeis-prestige/vendor/laravel/framework/src/Illuminate/Pipeline/Pipeline.php(219): Illuminate/Session/Middleware/StartSession->handle(request: 'class Illuminat...', next: 'class Closure {...')
#49 C:/wamp64/www/elaeis-prestige/vendor/laravel/framework/src/Illuminate/Cookie/Middleware/AddQueuedCookiesToResponse.php(36): Illuminate/Routing/Pipeline->Illuminate/Pipeline/{closure:C:/wamp64/www/elaeis-prestige/vendor/laravel/framework/src/Illuminate/Pipeline/Pipeline.php:195-226}(passable: 'class Illuminat...')
#50 C:/wamp64/www/elaeis-prestige/vendor/laravel/framework/src/Illuminate/Pipeline/Pipeline.php(219): Illuminate/Cookie/Middleware/AddQueuedCookiesToResponse->handle(request: 'class Illuminat...', next: 'class Closure {...')
#51 C:/wamp64/www/elaeis-prestige/vendor/laravel/framework/src/Illuminate/Cookie/Middleware/EncryptCookies.php(74): Illuminate/Routing/Pipeline->Illuminate/Pipeline/{closure:C:/wamp64/www/elaeis-prestige/vendor/laravel/framework/src/Illuminate/Pipeline/Pipeline.php:195-226}(passable: 'class Illuminat...')
#52 C:/wamp64/www/elaeis-prestige/vendor/laravel/framework/src/Illuminate/Pipeline/Pipeline.php(219): Illuminate/Cookie/Middleware/EncryptCookies->handle(request: 'class Illuminat...', next: 'class Closure {...')
#53 C:/wamp64/www/elaeis-prestige/vendor/laravel/framework/src/Illuminate/Pipeline/Pipeline.php(137): Illuminate/Routing/Pipeline->Illuminate/Pipeline/{closure:C:/wamp64/www/elaeis-prestige/vendor/laravel/framework/src/Illuminate/Pipeline/Pipeline.php:195-226}(passable: 'class Illuminat...')
#54 C:/wamp64/www/elaeis-prestige/vendor/laravel/framework/src/Illuminate/Routing/Router.php(821): Illuminate/Routing/Pipeline->then(destination: 'class Closure {...')
#55 C:/wamp64/www/elaeis-prestige/vendor/laravel/framework/src/Illuminate/Routing/Router.php(800): Illuminate/Routing/Router->runRouteWithinStack(route: 'class Illuminat...', request: 'class Illuminat...')
#56 C:/wamp64/www/elaeis-prestige/vendor/laravel/framework/src/Illuminate/Routing/Router.php(764): Illuminate/Routing/Router->runRoute(request: 'class Illuminat...', route: 'class Illuminat...')
#57 C:/wamp64/www/elaeis-prestige/vendor/laravel/framework/src/Illuminate/Routing/Router.php(753): Illuminate/Routing/Router->dispatchToRoute(request: 'class Illuminat...')
#58 C:/wamp64/www/elaeis-prestige/vendor/laravel/framework/src/Illuminate/Foundation/Http/Kernel.php(200): Illuminate/Routing/Router->dispatch(request: 'class Illuminat...')
#59 C:/wamp64/www/elaeis-prestige/vendor/laravel/framework/src/Illuminate/Pipeline/Pipeline.php(180): Illuminate/Foundation/Http/Kernel->Illuminate/Foundation/Http/{closure:C:/wamp64/www/elaeis-prestige/vendor/laravel/framework/src/Illuminate/Foundation/Http/Kernel.php:197-201}(request: 'class Illuminat...')
#60 C:/wamp64/www/elaeis-prestige/vendor/livewire/livewire/src/Features/SupportDisablingBackButtonCache/DisableBackButtonCacheMiddleware.php(19): Illuminate/Routing/Pipeline->Illuminate/Pipeline/{closure:C:/wamp64/www/elaeis-prestige/vendor/laravel/framework/src/Illuminate/Pipeline/Pipeline.php:178-184}(passable: 'class Illuminat...')
#61 C:/wamp64/www/elaeis-prestige/vendor/laravel/framework/src/Illuminate/Pipeline/Pipeline.php(219): Livewire/Features/SupportDisablingBackButtonCache/DisableBackButtonCacheMiddleware->handle(request: 'class Illuminat...', next: 'class Closure {...')
#62 C:/wamp64/www/elaeis-prestige/vendor/laravel/framework/src/Illuminate/Foundation/Http/Middleware/TransformsRequest.php(21): Illuminate/Routing/Pipeline->Illuminate/Pipeline/{closure:C:/wamp64/www/elaeis-prestige/vendor/laravel/framework/src/Illuminate/Pipeline/Pipeline.php:195-226}(passable: 'class Illuminat...')
#63 C:/wamp64/www/elaeis-prestige/vendor/laravel/framework/src/Illuminate/Foundation/Http/Middleware/ConvertEmptyStringsToNull.php(31): Illuminate/Foundation/Http/Middleware/ConvertEmptyStringsToNull->handle(request: 'class Illuminat...', next: 'class Closure {...')
#64 C:/wamp64/www/elaeis-prestige/vendor/laravel/framework/src/Illuminate/Pipeline/Pipeline.php(219): Illuminate/Foundation/Http/Middleware/ConvertEmptyStringsToNull->handle(request: 'class Illuminat...', next: 'class Closure {...')
#65 C:/wamp64/www/elaeis-prestige/vendor/laravel/framework/src/Illuminate/Foundation/Http/Middleware/TransformsRequest.php(21): Illuminate/Routing/Pipeline->Illuminate/Pipeline/{closure:C:/wamp64/www/elaeis-prestige/vendor/laravel/framework/src/Illuminate/Pipeline/Pipeline.php:195-226}(passable: 'class Illuminat...')
#66 C:/wamp64/www/elaeis-prestige/vendor/laravel/framework/src/Illuminate/Foundation/Http/Middleware/TrimStrings.php(51): Illuminate/Foundation/Http/Middleware/TrimStrings->handle(request: 'class Illuminat...', next: 'class Closure {...')
#67 C:/wamp64/www/elaeis-prestige/vendor/laravel/framework/src/Illuminate/Pipeline/Pipeline.php(219): Illuminate/Foundation/Http/Middleware/TrimStrings->handle(request: 'class Illuminat...', next: 'class Closure {...')
#68 C:/wamp64/www/elaeis-prestige/vendor/laravel/framework/src/Illuminate/Http/Middleware/ValidatePostSize.php(27): Illuminate/Routing/Pipeline->Illuminate/Pipeline/{closure:C:/wamp64/www/elaeis-prestige/vendor/laravel/framework/src/Illuminate/Pipeline/Pipeline.php:195-226}(passable: 'class Illuminat...')
#69 C:/wamp64/www/elaeis-prestige/vendor/laravel/framework/src/Illuminate/Pipeline/Pipeline.php(219): Illuminate/Http/Middleware/ValidatePostSize->handle(request: 'class Illuminat...', next: 'class Closure {...')
#70 C:/wamp64/www/elaeis-prestige/vendor/laravel/framework/src/Illuminate/Foundation/Http/Middleware/PreventRequestsDuringMaintenance.php(109): Illuminate/Routing/Pipeline->Illuminate/Pipeline/{closure:C:/wamp64/www/elaeis-prestige/vendor/laravel/framework/src/Illuminate/Pipeline/Pipeline.php:195-226}(passable: 'class Illuminat...')
#71 C:/wamp64/www/elaeis-prestige/vendor/laravel/framework/src/Illuminate/Pipeline/Pipeline.php(219): Illuminate/Foundation/Http/Middleware/PreventRequestsDuringMaintenance->handle(request: 'class Illuminat...', next: 'class Closure {...')
#72 C:/wamp64/www/elaeis-prestige/vendor/laravel/framework/src/Illuminate/Http/Middleware/HandleCors.php(61): Illuminate/Routing/Pipeline->Illuminate/Pipeline/{closure:C:/wamp64/www/elaeis-prestige/vendor/laravel/framework/src/Illuminate/Pipeline/Pipeline.php:195-226}(passable: 'class Illuminat...')
#73 C:/wamp64/www/elaeis-prestige/vendor/laravel/framework/src/Illuminate/Pipeline/Pipeline.php(219): Illuminate/Http/Middleware/HandleCors->handle(request: 'class Illuminat...', next: 'class Closure {...')
#74 C:/wamp64/www/elaeis-prestige/vendor/laravel/framework/src/Illuminate/Http/Middleware/TrustProxies.php(58): Illuminate/Routing/Pipeline->Illuminate/Pipeline/{closure:C:/wamp64/www/elaeis-prestige/vendor/laravel/framework/src/Illuminate/Pipeline/Pipeline.php:195-226}(passable: 'class Illuminat...')
#75 C:/wamp64/www/elaeis-prestige/vendor/laravel/framework/src/Illuminate/Pipeline/Pipeline.php(219): Illuminate/Http/Middleware/TrustProxies->handle(request: 'class Illuminat...', next: 'class Closure {...')
#76 C:/wamp64/www/elaeis-prestige/vendor/laravel/framework/src/Illuminate/Foundation/Http/Middleware/InvokeDeferredCallbacks.php(22): Illuminate/Routing/Pipeline->Illuminate/Pipeline/{closure:C:/wamp64/www/elaeis-prestige/vendor/laravel/framework/src/Illuminate/Pipeline/Pipeline.php:195-226}(passable: 'class Illuminat...')
#77 C:/wamp64/www/elaeis-prestige/vendor/laravel/framework/src/Illuminate/Pipeline/Pipeline.php(219): Illuminate/Foundation/Http/Middleware/InvokeDeferredCallbacks->handle(request: 'class Illuminat...', next: 'class Closure {...')
#78 C:/wamp64/www/elaeis-prestige/vendor/laravel/framework/src/Illuminate/Http/Middleware/ValidatePathEncoding.php(26): Illuminate/Routing/Pipeline->Illuminate/Pipeline/{closure:C:/wamp64/www/elaeis-prestige/vendor/laravel/framework/src/Illuminate/Pipeline/Pipeline.php:195-226}(passable: 'class Illuminat...')
#79 C:/wamp64/www/elaeis-prestige/vendor/laravel/framework/src/Illuminate/Pipeline/Pipeline.php(219): Illuminate/Http/Middleware/ValidatePathEncoding->handle(request: 'class Illuminat...', next: 'class Closure {...')
#80 C:/wamp64/www/elaeis-prestige/vendor/laravel/framework/src/Illuminate/Pipeline/Pipeline.php(137): Illuminate/Routing/Pipeline->Illuminate/Pipeline/{closure:C:/wamp64/www/elaeis-prestige/vendor/laravel/framework/src/Illuminate/Pipeline/Pipeline.php:195-226}(passable: 'class Illuminat...')
#81 C:/wamp64/www/elaeis-prestige/vendor/laravel/framework/src/Illuminate/Foundation/Http/Kernel.php(175): Illuminate/Routing/Pipeline->then(destination: 'class Closure {...')
#82 C:/wamp64/www/elaeis-prestige/vendor/laravel/framework/src/Illuminate/Foundation/Http/Kernel.php(144): Illuminate/Foundation/Http/Kernel->sendRequestThroughRouter(request: 'class Illuminat...')
#83 C:/wamp64/www/elaeis-prestige/vendor/laravel/framework/src/Illuminate/Foundation/Application.php(1220): Illuminate/Foundation/Http/Kernel->handle(request: 'class Illuminat...')
#84 C:/wamp64/www/elaeis-prestige/public/index.php(20): Illuminate/Foundation/Application->handleRequest(request: 'class Illuminat...')
#85 C:/wamp64/www/elaeis-prestige/vendor/laravel/framework/src/Illuminate/Foundation/resources/server.php(23): ()
#86 C:/wamp64/www/elaeis-prestige/vendor/laravel/framework/src/Illuminate/Foundation/resources/server.php(0): {main}()
#87 {main}
"} 
